t,event,base_hex,rel_off_hex,stride,before,after
1760704401.344619,SUPER_P1,0x9246B9C0,0x002,1,0,128
1760704401.344619,SUPER_P1,0x9246B9C0,0x1DA,1,96,120
1760704401.344619,SUPER_P1,0x9246B9C0,0x21F,1,175,187
1760704401.344619,SUPER_P1,0x9246B9C0,0x223,1,174,187
1760704401.344619,SUPER_P1,0x9246B9C0,0x526,1,190,196
1760704401.344619,SUPER_P1,0x9246B9C0,0x527,1,44,227
1760704401.344619,SUPER_P1,0x9246B9C0,0x529,1,217,221
1760704401.344619,SUPER_P1,0x9246B9C0,0x52A,1,128,17
1760704401.344619,SUPER_P1,0x9246B9C0,0x52B,1,240,188
1760704401.344619,SUPER_P1,0x9246B9C0,0x52D,1,191,210
1760704401.344619,SUPER_P1,0x9246B9C0,0x52E,1,212,149
1760704401.344619,SUPER_P1,0x9246B9C0,0x52F,1,216,16
1760704401.344619,SUPER_P1,0x9246B9C0,0x532,1,189,198
1760704401.344619,SUPER_P1,0x9246B9C0,0x533,1,59,60
1760704401.344619,SUPER_P1,0x9246B9C0,0x535,1,217,220
1760704401.344619,SUPER_P1,0x9246B9C0,0x536,1,79,108
1760704401.344619,SUPER_P1,0x9246B9C0,0x537,1,24,64
1760704401.344619,SUPER_P1,0x9246B9C0,0x539,1,188,209
1760704401.344619,SUPER_P1,0x9246B9C0,0x53A,1,212,240
1760704401.344619,SUPER_P1,0x9246B9C0,0x53B,1,184,168
1760704401.344619,SUPER_P1,0x9246B9C0,0x566,1,84,125
1760704401.344619,SUPER_P1,0x9246B9C0,0x567,1,152,171
1760704401.344619,SUPER_P1,0x9246B9C0,0x56A,1,46,64
1760704401.344619,SUPER_P1,0x9246B9C0,0x56B,1,122,4
1760704401.344619,SUPER_P1,0x9246B9C0,0x56D,1,96,98
1760704401.344619,SUPER_P1,0x9246B9C0,0x56E,1,69,109
1760704401.344619,SUPER_P1,0x9246B9C0,0x56F,1,90,254
1760704401.344619,SUPER_P1,0x9246B9C0,0x572,1,79,142
1760704401.344619,SUPER_P1,0x9246B9C0,0x573,1,54,227
1760704401.344619,SUPER_P1,0x9246B9C0,0x575,1,237,238
1760704401.344619,SUPER_P1,0x9246B9C0,0x576,1,219,137
1760704401.344619,SUPER_P1,0x9246B9C0,0x577,1,253,76
1760704401.344619,SUPER_P1,0x9246B9C0,0x579,1,97,95
1760704401.344619,SUPER_P1,0x9246B9C0,0x57A,1,75,44
1760704401.344619,SUPER_P1,0x9246B9C0,0x57B,1,99,74
1760704401.344619,SUPER_P1,0x9246B9C0,0x5A5,1,183,182
1760704401.344619,SUPER_P1,0x9246B9C0,0x5A6,1,101,152
1760704401.344619,SUPER_P1,0x9246B9C0,0x5A7,1,117,27
1760704401.344619,SUPER_P1,0x9246B9C0,0x5A9,1,132,131
1760704401.344619,SUPER_P1,0x9246B9C0,0x5AA,1,201,53
1760704401.344619,SUPER_P1,0x9246B9C0,0x5AB,1,58,163
1760704401.344619,SUPER_P1,0x9246B9C0,0x5AD,1,179,145
1760704401.344619,SUPER_P1,0x9246B9C0,0x5AE,1,111,95
1760704401.344619,SUPER_P1,0x9246B9C0,0x5AF,1,104,176
1760704401.344619,SUPER_P1,0x9246B9C0,0x5B1,1,183,182
1760704401.344619,SUPER_P1,0x9246B9C0,0x5B2,1,109,139
1760704401.344619,SUPER_P1,0x9246B9C0,0x5B3,1,144,159
1760704401.344619,SUPER_P1,0x9246B9C0,0x5B5,1,132,131
1760704401.344619,SUPER_P1,0x9246B9C0,0x5B6,1,96,207
1760704401.344619,SUPER_P1,0x9246B9C0,0x5B7,1,128,78
1760704401.344619,SUPER_P1,0x9246B9C0,0x5B9,1,178,176
1760704401.344619,SUPER_P1,0x9246B9C0,0x5BA,1,19,156
1760704401.344619,SUPER_P1,0x9246B9C0,0x5BB,1,208,37
1760704401.344619,SUPER_P1,0x92B6BA00,0x1DA,1,80,104
1760704401.344619,SUPER_P1,0x92B6BA00,0x21F,1,39,51
1760704401.344619,SUPER_P1,0x92B6BA00,0x223,1,39,51
1760704401.344619,SUPER_P1,0x9246B9C0,0x002,2,15,32783
1760704401.344619,SUPER_P1,0x9246B9C0,0x1DA,2,24576,30720
1760704401.344619,SUPER_P1,0x9246B9C0,0x21E,2,30383,30395
1760704401.344619,SUPER_P1,0x9246B9C0,0x222,2,30382,30395
1760704401.344619,SUPER_P1,0x9246B9C0,0x526,2,48684,50403
1760704401.344619,SUPER_P1,0x9246B9C0,0x528,2,15833,15837
1760704401.344619,SUPER_P1,0x9246B9C0,0x52A,2,33008,4540
1760704401.344619,SUPER_P1,0x9246B9C0,0x52C,2,15551,15570
1760704401.344619,SUPER_P1,0x9246B9C0,0x52E,2,54488,38160
1760704401.344619,SUPER_P1,0x9246B9C0,0x532,2,48443,50748
1760704401.344619,SUPER_P1,0x9246B9C0,0x534,2,15833,15836
1760704401.344619,SUPER_P1,0x9246B9C0,0x536,2,20248,27712
1760704401.344619,SUPER_P1,0x9246B9C0,0x538,2,15548,15569
1760704401.344619,SUPER_P1,0x9246B9C0,0x53A,2,54456,61608
1760704401.344619,SUPER_P1,0x9246B9C0,0x566,2,21656,32171
1760704401.344619,SUPER_P1,0x9246B9C0,0x56A,2,11898,16388
1760704401.344619,SUPER_P1,0x9246B9C0,0x56C,2,15968,15970
1760704401.344619,SUPER_P1,0x9246B9C0,0x56E,2,17754,28158
1760704401.344619,SUPER_P1,0x9246B9C0,0x572,2,20278,36579
1760704401.344619,SUPER_P1,0x9246B9C0,0x574,2,16109,16110
1760704401.344619,SUPER_P1,0x9246B9C0,0x576,2,56317,35148
1760704401.344619,SUPER_P1,0x9246B9C0,0x578,2,15969,15967
1760704401.344619,SUPER_P1,0x9246B9C0,0x57A,2,19299,11338
1760704401.344619,SUPER_P1,0x9246B9C0,0x5A4,2,16567,16566
1760704401.344619,SUPER_P1,0x9246B9C0,0x5A6,2,25973,38939
1760704401.344619,SUPER_P1,0x9246B9C0,0x5A8,2,16260,16259
1760704401.344619,SUPER_P1,0x9246B9C0,0x5AA,2,51514,13731
1760704401.344619,SUPER_P1,0x9246B9C0,0x5AC,2,15283,15249
1760704401.344619,SUPER_P1,0x9246B9C0,0x5AE,2,28520,24496
1760704401.344619,SUPER_P1,0x9246B9C0,0x5B0,2,16567,16566
1760704401.344619,SUPER_P1,0x9246B9C0,0x5B2,2,28048,35743
1760704401.344619,SUPER_P1,0x9246B9C0,0x5B4,2,16260,16259
1760704401.344619,SUPER_P1,0x9246B9C0,0x5B6,2,24704,53070
1760704401.344619,SUPER_P1,0x9246B9C0,0x5B8,2,15282,15280
1760704401.344619,SUPER_P1,0x9246B9C0,0x5BA,2,5072,39973
1760704401.344619,SUPER_P1,0x92B6BA00,0x1DA,2,20480,26624
1760704401.344619,SUPER_P1,0x92B6BA00,0x21E,2,31783,31795
1760704401.344619,SUPER_P1,0x92B6BA00,0x222,2,31783,31795
1760704401.344619,SUPER_P1,0x9246B9C0,0x000,4,15,32783
1760704401.344619,SUPER_P1,0x9246B9C0,0x1D8,4,1189961728,1189967872
1760704401.344619,SUPER_P1,0x9246B9C0,0x21C,4,30383,30395
1760704401.344619,SUPER_P1,0x9246B9C0,0x220,4,30383,30395
1760704401.344619,SUPER_P1,0x9246B9C0,0x524,4,1084538171,1084540131
1760704401.344619,SUPER_P1,0x9246B9C0,0x528,4,1037651736,1037898172
1760704401.344619,SUPER_P1,0x9246B9C0,0x52C,4,1019008184,1020433680
1760704401.344619,SUPER_P1,0x9246B9C0,0x530,4,1084539174,1084540476
1760704401.344619,SUPER_P1,0x9246B9C0,0x534,4,1037628752,1037855808
1760704401.344619,SUPER_P1,0x9246B9C0,0x538,4,1018629200,1020391592
1760704401.344619,SUPER_P1,0x9246B9C0,0x564,4,1084837686,1084849579
1760704401.344619,SUPER_P1,0x9246B9C0,0x568,4,1055775741,1055801348
1760704401.344619,SUPER_P1,0x9246B9C0,0x56C,4,1046563683,1046638078
1760704401.344619,SUPER_P1,0x9246B9C0,0x570,4,1084835991,1084853987
1760704401.344619,SUPER_P1,0x9246B9C0,0x574,4,1055753112,1055820108
1760704401.344619,SUPER_P1,0x9246B9C0,0x578,4,1046639504,1046424650
1760704401.344619,SUPER_P1,0x9246B9C0,0x5A4,4,1085762960,1085708315
1760704401.344619,SUPER_P1,0x9246B9C0,0x5A8,4,1065640064,1065563555
1760704401.344619,SUPER_P1,0x9246B9C0,0x5AC,4,1001526224,999382960
1760704401.344619,SUPER_P1,0x9246B9C0,0x5B0,4,1085762431,1085705119
1760704401.344619,SUPER_P1,0x9246B9C0,0x5B4,4,1065615774,1065602894
1760704401.344619,SUPER_P1,0x9246B9C0,0x5B8,4,1002210324,1001430053
1760704401.344619,SUPER_P1,0x92B6BA00,0x1D8,4,1190678528,1190684672
1760704401.344619,SUPER_P1,0x92B6BA00,0x21C,4,31783,31795
1760704401.344619,SUPER_P1,0x92B6BA00,0x220,4,31783,31795
1760704401.344619,SUPER_P2,0x927EB9E0,0x1DA,1,122,146
1760704401.344619,SUPER_P2,0x927EB9E0,0x21F,1,188,200
1760704401.344619,SUPER_P2,0x927EB9E0,0x223,1,188,200
1760704401.344619,SUPER_P2,0x92EEBA20,0x1DA,1,80,104
1760704401.344619,SUPER_P2,0x92EEBA20,0x21F,1,39,51
1760704401.344619,SUPER_P2,0x92EEBA20,0x223,1,39,51
1760704401.344619,SUPER_P2,0x927EB9E0,0x1DA,2,31232,37376
1760704401.344619,SUPER_P2,0x927EB9E0,0x21E,2,30396,30408
1760704401.344619,SUPER_P2,0x927EB9E0,0x222,2,30396,30408
1760704401.344619,SUPER_P2,0x92EEBA20,0x1DA,2,20480,26624
1760704401.344619,SUPER_P2,0x92EEBA20,0x21E,2,31783,31795
1760704401.344619,SUPER_P2,0x92EEBA20,0x222,2,31783,31795
1760704401.344619,SUPER_P2,0x927EB9E0,0x1D8,4,1189968384,1189974528
1760704401.344619,SUPER_P2,0x927EB9E0,0x21C,4,30396,30408
1760704401.344619,SUPER_P2,0x927EB9E0,0x220,4,30396,30408
1760704401.344619,SUPER_P2,0x92EEBA20,0x1D8,4,1190678528,1190684672
1760704401.344619,SUPER_P2,0x92EEBA20,0x21C,4,31783,31795
1760704401.344619,SUPER_P2,0x92EEBA20,0x220,4,31783,31795
