t,victim_label,victim_char,dmg,hp_before,hp_after,team_guess,attacker_label,attacker_char,attacker_char_id,attacker_id_dec,attacker_id_hex,attacker_move_generic,attacker_move_human,is_air,dist2,victim_ptr_hex,victim_gate_072,victim_wire_052,victim_wire_058,victim_state_05B,victim_state_name,victim_ctrl_word_hex,victim_ctrl_state,victim_pooled_life,victim_impact_BBA0,victim_vel,attacker_gate_072,attacker_wire_052,attacker_wire_058,attacker_state_05B,attacker_state_name,attacker_ctrl_word_hex,attacker_ctrl_state,attacker_pooled_life,attacker_impact_BBA0,attacker_vel
1761409114.307120,P2-C1,Ken the Eagle,800,44000,43200,,P1-C1,Ryu,12,256,0x100,5A,5A,,0.0,0x927EB9E0,0,43,0,1,IDLE,0x00000000,NEUTRAL,170,-0.819236159324646,0.000 0.000 0.000 0.000 0.000,64,43,64,1,IDLE,0x02004000,HITCONFIRM,187,0.0,1.000 -0.000 -1.402 0.000 0.000
1761409120.440320,P2-C1,Ken the Eagle,1440,44000,42560,,P1-C1,Ryu,12,257,0x101,5B,5B,,1.650805201336425e-05,0x927EB9E0,0,43,0,1,IDLE,0x00000000,NEUTRAL,168,-0.819236159324646,0.000 0.000 0.000 0.000 0.000,64,43,64,1,IDLE,0x02004000,HITCONFIRM,187,0.0,1.000 -0.000 -1.402 0.000 0.000
1761409127.196491,P2-C1,Ken the Eagle,800,44000,43200,,P1-C1,Ryu,12,256,0x100,5A,5A,,0.0,0x927EB9E0,0,43,0,1,IDLE,0x00000000,NEUTRAL,170,-0.819236159324646,0.000 0.000 0.000 0.000 0.000,64,43,64,1,IDLE,0x02004000,HITCONFIRM,187,0.0,1.000 -0.000 -1.402 0.000 0.000
1761409128.571699,P2-C1,Ken the Eagle,800,44000,43200,,P1-C1,Ryu,12,256,0x100,5A,5A,,0.0,0x927EB9E0,0,43,0,1,IDLE,0x00000000,NEUTRAL,170,-0.819236159324646,0.000 0.000 0.000 0.000 0.000,64,43,64,1,IDLE,0x02004000,HITCONFIRM,187,0.0,1.000 -0.000 -1.402 0.000 0.000
1761409134.764239,P2-C1,Ken the Eagle,1440,44000,42560,,P1-C1,Ryu,12,257,0x101,5B,5B,,0.0,0x927EB9E0,0,43,0,1,IDLE,0x00000000,NEUTRAL,168,-0.819236159324646,0.000 0.000 0.000 0.000 0.000,64,43,64,1,IDLE,0x02004000,HITCONFIRM,187,0.0,1.000 -0.000 -1.402 0.000 0.000
1761409151.325844,P2-C1,Ken the Eagle,1440,44000,42560,,P1-C1,Ryu,12,257,0x101,5B,5B,,0.0,0x927EB9E0,0,43,0,1,IDLE,0x00000000,NEUTRAL,168,-0.819236159324646,0.000 0.000 0.000 0.000 0.000,64,43,64,1,IDLE,0x02004000,HITCONFIRM,187,0.0,1.000 -0.000 -1.402 0.000 0.000
1761409153.019485,P2-C1,Ken the Eagle,1440,44000,42560,,P1-C1,Ryu,12,257,0x101,5B,5B,,0.0,0x927EB9E0,0,43,0,1,IDLE,0x00000000,NEUTRAL,168,-0.819236159324646,0.000 0.000 0.000 0.000 0.000,64,43,64,1,IDLE,0x02004000,HITCONFIRM,187,0.0,1.000 -0.000 -1.402 0.000 0.000
1761409154.713641,P2-C1,Ken the Eagle,1440,44000,42560,,P1-C1,Ryu,12,257,0x101,5B,5B,,0.0,0x927EB9E0,0,43,0,1,IDLE,0x00000000,NEUTRAL,168,-0.819236159324646,0.000 0.000 0.000 0.000 0.000,64,43,64,1,IDLE,0x02004000,HITCONFIRM,187,0.0,1.000 -0.000 -1.402 0.000 0.000
1761409172.310651,P1-C1,Ryu,500,43700,43200,,P2-C1,Ken the Eagle,1,1,0x1,multihit,multihit,,0.0,0x9246B9C0,0,43,0,1,IDLE,0x00000000,NEUTRAL,187,0.0,1.000 -0.000 -1.402 0.000 0.000,0,43,0,1,IDLE,0x00000000,NEUTRAL,171,-0.819236159324646,0.000 0.000 0.000 0.000 0.000
1761409208.079264,P1-C1,Ryu,500,43700,43200,,P2-C1,Ken the Eagle,1,1,0x1,multihit,multihit,,0.0,0x9246B9C0,0,43,0,1,IDLE,0x00000000,NEUTRAL,187,0.0,1.000 -0.000 -1.402 0.000 0.000,0,43,0,1,IDLE,0x00000000,NEUTRAL,171,-0.819236159324646,0.000 0.000 0.000 0.000 0.000
1761409270.017563,P2-C1,Ken the Eagle,1440,44000,42560,,P1-C1,Ryu,12,257,0x101,5B,5B,,0.0,0x927EB9E0,0,43,0,1,IDLE,0x00000000,NEUTRAL,168,-0.819236159324646,0.000 0.000 0.000 0.000 0.000,64,43,64,1,IDLE,0x02004000,HITCONFIRM,187,0.0,1.000 -0.000 -1.402 0.000 0.000
1761409273.148581,P2-C1,Ken the Eagle,1440,44000,42560,,P1-C1,Ryu,12,257,0x101,5B,5B,,0.0,0x927EB9E0,0,43,0,1,IDLE,0x00000000,NEUTRAL,168,-0.819236159324646,0.000 0.000 0.000 0.000 0.000,64,43,64,1,IDLE,0x02004000,HITCONFIRM,187,0.0,1.000 -0.000 -1.402 0.000 0.000
1761409278.571618,P2-C1,Ken the Eagle,2400,44000,41600,,P1-C1,Ryu,12,261,0x105,2C,2C,,0.0,0x927EB9E0,0,43,0,0,AIRBORNE/LAUNCHED,0x00000000,NEUTRAL,166,-0.819236159324646,0.000 0.000 0.000 0.000 0.000,64,43,64,16,CROUCH,0x02004000,HITCONFIRM,187,0.0,1.000 -0.000 -1.402 0.000 0.000
1761409280.676044,P2-C1,Ken the Eagle,2400,41600,39200,,P1-C1,Ryu,12,261,0x105,2C,2C,,0.0,0x927EB9E0,0,43,0,0,AIRBORNE/LAUNCHED,0x00000000,NEUTRAL,160,-0.819236159324646,0.000 0.000 0.000 0.000 0.000,64,43,64,16,CROUCH,0x02004000,HITCONFIRM,187,0.0,1.000 -0.000 -1.402 0.000 0.000
1761409282.591223,P2-C1,Ken the Eagle,2400,39200,36800,,P1-C1,Ryu,12,261,0x105,2C,2C,,0.0,0x927EB9E0,0,43,0,0,AIRBORNE/LAUNCHED,0x00000000,NEUTRAL,155,-0.819236159324646,0.000 0.000 0.000 0.000 0.000,64,43,64,16,CROUCH,0x02004000,HITCONFIRM,187,0.0,1.000 -0.000 -1.402 0.000 0.000
1761409283.059719,P2-C1,Ken the Eagle,2108,36800,34692,,,,,,,,,,-1.0,0x927EB9E0,0,43,0,0,AIRBORNE/LAUNCHED,0x00000000,NEUTRAL,150,-0.819236159324646,0.000 0.000 0.000 0.000 0.000,,,,,,,--,,,
1761409285.012292,P2-C1,Ken the Eagle,2400,44000,41600,,P1-C1,Ryu,12,261,0x105,2C,2C,,0.0,0x927EB9E0,0,43,0,0,AIRBORNE/LAUNCHED,0x00000000,NEUTRAL,166,-0.819236159324646,0.000 0.000 0.000 0.000 0.000,64,43,64,16,CROUCH,0x02004000,HITCONFIRM,187,0.0,1.000 -0.000 -1.402 0.000 0.000
1761409285.517805,P2-C1,Ken the Eagle,2097,41600,39503,,,,,,,,,,-1.0,0x927EB9E0,0,43,0,0,AIRBORNE/LAUNCHED,0x00000000,NEUTRAL,161,-0.819236159324646,0.000 0.000 0.000 0.000 0.000,,,,,,,--,,,
1761409471.392101,P1-C1,Ryu,500,43700,43200,,P2-C1,Ken the Eagle,1,1,0x1,multihit,multihit,,0.0,0x9246B9C0,0,43,0,1,IDLE,0x00000000,NEUTRAL,187,0.0,1.000 -0.000 -1.402 0.000 0.000,0,43,0,1,IDLE,0x00000000,NEUTRAL,171,-0.819236159324646,0.000 0.000 0.000 0.000 0.000
1761409472.061266,P1-C1,Ryu,500,43700,43200,,P2-C1,Ken the Eagle,1,1,0x1,multihit,multihit,,0.0,0x9246B9C0,0,43,0,1,IDLE,0x00000000,NEUTRAL,187,0.0,1.000 -0.000 -1.402 0.000 0.000,0,43,0,1,IDLE,0x00000000,NEUTRAL,171,-0.819236159324646,0.000 0.000 0.000 0.000 0.000
1761409613.838604,P2-C1,Ken the Eagle,1440,44000,42560,,P1-C1,Ryu,12,257,0x101,5B,5B,,0.0,0x927EB9E0,0,43,0,1,IDLE,0x00000000,NEUTRAL,168,-0.819236159324646,0.000 0.000 0.000 0.000 0.000,64,43,64,1,IDLE,0x02004000,HITCONFIRM,187,0.0,1.000 -0.000 -1.402 0.000 0.000
1761409615.909990,P2-C1,Ken the Eagle,1440,44000,42560,,P1-C1,Ryu,12,257,0x101,5B,5B,,0.0,0x927EB9E0,0,43,0,1,IDLE,0x00000000,NEUTRAL,168,-0.819236159324646,0.000 0.000 0.000 0.000 0.000,64,43,64,1,IDLE,0x02004000,HITCONFIRM,187,0.0,1.000 -0.000 -1.402 0.000 0.000
1761409620.940809,P2-C1,Ken the Eagle,1440,44000,42560,,P1-C1,Ryu,12,257,0x101,5B,5B,,0.0,0x927EB9E0,0,43,0,1,IDLE,0x00000000,NEUTRAL,168,-0.819236159324646,0.000 0.000 0.000 0.000 0.000,64,43,64,1,IDLE,0x02004000,HITCONFIRM,187,0.0,1.000 -0.000 -1.402 0.000 0.000
1761409622.461864,P2-C1,Ken the Eagle,2480,44000,41520,,P1-C1,Ryu,12,258,0x102,FLAG_258,FLAG_258,,0.0,0x927EB9E0,0,43,0,1,IDLE,0x00000000,NEUTRAL,166,-0.819236159324646,0.000 0.000 0.000 0.000 0.000,64,43,64,1,IDLE,0x02004000,HITCONFIRM,187,0.0,1.000 -0.000 -1.402 0.000 0.000
1761409626.587503,P2-C1,Ken the Eagle,1440,44000,42560,,P1-C1,Ryu,12,257,0x101,5B,5B,,0.0,0x927EB9E0,0,43,0,1,IDLE,0x00000000,NEUTRAL,168,-0.819236159324646,0.000 0.000 0.000 0.000 0.000,64,43,64,1,IDLE,0x02004000,HITCONFIRM,187,0.0,1.000 -0.000 -1.402 0.000 0.000
1761409630.107121,P2-C1,Ken the Eagle,1360,44000,42640,,P1-C1,Ryu,12,260,0x104,2B,2B,,0.0,0x927EB9E0,0,43,0,1,IDLE,0x00000000,NEUTRAL,168,-0.819236159324646,0.000 0.000 0.000 0.000 0.000,64,43,64,16,CROUCH,0x02004000,HITCONFIRM,187,0.0,1.000 -0.000 -1.402 0.000 0.000
1761409633.274446,P2-C1,Ken the Eagle,1360,44000,42640,,P1-C1,Ryu,12,260,0x104,2B,2B,,0.0,0x927EB9E0,0,43,0,1,IDLE,0x00000000,NEUTRAL,168,-0.819236159324646,0.000 0.000 0.000 0.000 0.000,64,43,64,16,CROUCH,0x02004000,HITCONFIRM,187,0.0,1.000 -0.000 -1.402 0.000 0.000
1761409634.992559,P1-C2,Chun-Li,4600,46000,41400,,,,,,,,,,-1.0,0x92B6BA00,0,43,0,8,ASSIST_READY,0x00000000,NEUTRAL,161,,0.000 0.035 1.000 -0.000 -0.000,,,,,,,--,,,
1761409635.323679,P2-C1,Ken the Eagle,800,44000,43200,,,,,,,,,,-1.0,0x927EB9E0,0,43,0,0,AIRBORNE/LAUNCHED,0x00000000,NEUTRAL,170,-0.819236159324646,0.000 0.000 0.000 0.000 0.000,,,,,,,--,,,
1761409655.920964,P2-C1,Ken the Eagle,940,44000,43060,,P1-C2,Chun-Li,13,260,0x104,2B,2B,,0.0,0x927EB9E0,0,43,0,1,IDLE,0x00000000,NEUTRAL,169,-0.819236159324646,0.000 0.000 0.000 0.000 0.000,64,43,64,16,CROUCH,0x02004000,HITCONFIRM,179,,0.000 0.035 1.000 -0.000 -0.000
1761409686.592585,P2-C1,Ken the Eagle,2240,44000,41760,,P1-C2,Chun-Li,13,264,0x108,3C,3C,,0.0,0x927EB9E0,0,43,0,166,64,43,96,179,0x4000,IDLE
1761409690.929450,P2-C1,Ken the Eagle,2240,44000,41760,,P1-C2,Chun-Li,13,264,0x108,3C,3C,,0.0,0x927EB9E0,0,43,0,166,64,43,96,179,0x4000,IDLE
1761409694.772795,P2-C1,Ken the Eagle,2240,44000,41760,,P1-C2,Chun-Li,13,264,0x108,3C,3C,,0.0,0x927EB9E0,0,43,0,166,64,43,96,179,0x4000,IDLE
1761409697.499724,P2-C1,Ken the Eagle,2240,44000,41760,,P1-C2,Chun-Li,13,264,0x108,3C,3C,,0.0,0x927EB9E0,0,43,0,166,64,43,96,179,0x4000,IDLE
1761409716.408169,P2-C1,Ken the Eagle,860,44000,43140,,,,,,,,,,-1.0,0x927EB9E0,0,43,0,169,0,0,0,,,UNKNOWN_None
1761409719.507719,P2-C1,Ken the Eagle,1380,44000,42620,,,,,,,,,,-1.0,0x927EB9E0,0,43,0,168,0,0,0,,,UNKNOWN_None
1761409744.881822,P2-C1,Ken the Eagle,800,44000,43200,,P1-C1,Ryu,12,256,0x100,5A,5A,,0.0,0x927EB9E0,0,43,0,170,64,43,64,187,0x2004000,IDLE
1761409748.576655,P2-C1,Ken the Eagle,800,44000,43200,,P1-C1,Ryu,12,256,0x100,5A,5A,,0.0,0x927EB9E0,0,43,0,170,64,43,64,187,0x2004000,IDLE
1761409749.813890,P2-C1,Ken the Eagle,800,43200,42400,,P1-C1,Ryu,12,256,0x100,5A,5A,,0.0,0x927EB9E0,0,43,0,168,64,43,64,187,0x2004000,IDLE
1761409823.970670,P2-C1,Ken the Eagle,800,44000,43200,,P1-C1,Ryu,12,256,0x100,5A,5A,,0.0,0x927EB9E0,0,43,0,170,64,43,64,187,0x2004000,IDLE
1761409824.230599,P2-C1,Ken the Eagle,1368,43200,41832,,P1-C1,Ryu,12,257,0x101,5B,5B,,0.0,0x927EB9E0,0,43,0,166,64,43,64,187,0x2004000,IDLE
1761409824.582234,P2-C1,Ken the Eagle,1224,41832,40608,,P1-C1,Ryu,12,260,0x104,2B,2B,,0.0,0x927EB9E0,0,43,0,163,64,43,64,187,0x2004000,CROUCH
1761409824.993058,P2-C1,Ken the Eagle,2108,40608,38500,,P1-C1,Ryu,12,258,0x102,FLAG_258,FLAG_258,,0.0,0x927EB9E0,0,43,0,158,64,43,64,187,0x2004000,IDLE
1761409825.387192,P2-C1,Ken the Eagle,1919,38500,36581,,P1-C1,Ryu,12,261,0x105,2C,2C,,0.0,0x927EB9E0,0,43,0,154,64,43,64,187,0x2004000,CROUCH
1761409825.855226,P2-C1,Ken the Eagle,1663,36581,34918,,,,,,,,,,-1.0,0x927EB9E0,0,43,0,150,0,0,0,,,UNKNOWN_None
1761409826.381456,P2-C1,Ken the Eagle,1971,34918,32947,,,,,,,,,,-1.0,0x927EB9E0,0,43,0,145,0,0,0,,,UNKNOWN_None
1761409827.334563,P2-C1,Ken the Eagle,539,32947,32408,,,,,,,,,,-1.0,0x927EB9E0,0,43,0,144,0,0,0,,,UNKNOWN_None
1761409827.576643,P2-C1,Ken the Eagle,507,32408,31901,,,,,,,,,,-1.0,0x927EB9E0,0,43,0,143,0,0,0,,,UNKNOWN_None
1761409827.799831,P2-C1,Ken the Eagle,839,31901,31062,,,,,,,,,,-1.0,0x927EB9E0,0,43,0,141,0,0,0,,,UNKNOWN_None
1761409828.217226,P2-C1,Ken the Eagle,719,31062,30343,,,,,,,,,,-1.0,0x927EB9E0,0,43,0,139,0,0,0,,,UNKNOWN_None
1761409828.606417,P2-C1,Ken the Eagle,1181,30343,29162,,,,,,,,,,-1.0,0x927EB9E0,0,43,0,137,0,0,0,,,UNKNOWN_None
1761409829.034855,P2-C1,Ken the Eagle,1024,29162,28138,,,,,,,,,,-1.0,0x927EB9E0,0,43,0,134,0,0,0,,,UNKNOWN_None
1761409829.502596,P2-C1,Ken the Eagle,810,28138,27328,,,,,,,,,,-1.0,0x927EB9E0,0,43,0,132,0,0,0,,,UNKNOWN_None
1761409830.095726,P2-C1,Ken the Eagle,595,27328,26733,,,,,,,,,,-1.0,0x927EB9E0,0,43,0,131,0,0,0,,,UNKNOWN_None
1761409830.431040,P2-C1,Ken the Eagle,596,26733,26137,,,,,,,,,,-1.0,0x927EB9E0,0,43,0,130,0,0,0,,,UNKNOWN_None
1761409830.752425,P2-C1,Ken the Eagle,597,26137,25540,,,,,,,,,,-1.0,0x927EB9E0,0,43,0,128,0,0,0,,,UNKNOWN_None
1761409831.088447,P2-C1,Ken the Eagle,598,25540,24942,,,,,,,,,,-1.0,0x927EB9E0,0,43,0,127,0,0,0,,,UNKNOWN_None
1761409831.648415,P2-C1,Ken the Eagle,290,24942,24652,,,,,,,,,,-1.0,0x927EB9E0,0,43,0,126,0,0,0,,,UNKNOWN_None
1761409831.910676,P2-C1,Ken the Eagle,290,24652,24362,,,,,,,,,,-1.0,0x927EB9E0,0,43,0,125,0,0,0,,,UNKNOWN_None
1761409832.148912,P2-C1,Ken the Eagle,522,24362,23840,,,,,,,,,,-1.0,0x927EB9E0,0,43,0,124,0,0,0,,,UNKNOWN_None
1761409832.595364,P2-C1,Ken the Eagle,890,23840,22950,,,,,,,,,,-1.0,0x927EB9E0,0,43,0,122,0,0,0,,,UNKNOWN_None
1761409833.061621,P2-C1,Ken the Eagle,779,22950,22171,,,,,,,,,,-1.0,0x927EB9E0,0,43,0,120,0,0,0,,,UNKNOWN_None
1761409833.604660,P2-C1,Ken the Eagle,582,22171,21589,,,,,,,,,,-1.0,0x927EB9E0,0,43,0,119,0,0,0,,,UNKNOWN_None
1761409833.924062,P2-C1,Ken the Eagle,583,21589,21006,,,,,,,,,,-1.0,0x927EB9E0,0,43,0,118,0,0,0,,,UNKNOWN_None
1761409834.260875,P2-C1,Ken the Eagle,584,21006,20422,,,,,,,,,,-1.0,0x927EB9E0,0,43,0,116,0,0,0,,,UNKNOWN_None
1761409834.595038,P2-C1,Ken the Eagle,585,20422,19837,,,,,,,,,,-1.0,0x927EB9E0,0,43,0,115,0,0,0,,,UNKNOWN_None
1761409836.456665,P2-C1,Ken the Eagle,1988,19837,17849,P1,,,,,,,,,-1.0,0x927EB9E0,0,43,0,110,0,0,0,,,UNKNOWN_None
1761409837.449145,P2-C1,Ken the Eagle,1680,17849,16169,,,,,,,,,,-1.0,0x927EB9E0,0,43,0,106,0,0,0,,,UNKNOWN_None
1761409838.382203,P2-C1,Ken the Eagle,2240,16169,13929,,,,,,,,,,-1.0,0x927EB9E0,0,43,0,101,0,0,0,,,UNKNOWN_None
1761409873.249591,P2-C1,Ken the Eagle,800,44000,43200,,P1-C1,Ryu,12,256,0x100,5A,5A,,0.0,0x927EB9E0,0,43,0,170,64,43,64,187,0x2004000,IDLE
1761409873.486086,P2-C1,Ken the Eagle,760,43200,42440,,P1-C1,Ryu,12,256,0x100,5A,5A,,0.0,0x927EB9E0,0,43,0,168,64,43,64,187,0x2004000,IDLE
1761409873.725280,P2-C1,Ken the Eagle,720,42440,41720,,P1-C1,Ryu,12,256,0x100,5A,5A,,0.0,0x927EB9E0,0,43,0,166,64,43,64,187,0x2004000,IDLE
1761409873.948881,P2-C1,Ken the Eagle,1224,41720,40496,,P1-C1,Ryu,12,257,0x101,5B,5B,,0.0,0x927EB9E0,0,43,0,163,64,43,64,187,0x2004000,IDLE
1761409874.252114,P2-C1,Ken the Eagle,1087,40496,39409,,P1-C1,Ryu,12,260,0x104,2B,2B,,0.0,0x927EB9E0,0,43,0,161,64,43,64,187,0x2004000,CROUCH
1761409874.644853,P2-C1,Ken the Eagle,1859,39409,37550,,P1-C1,Ryu,12,258,0x102,FLAG_258,FLAG_258,,0.0,0x927EB9E0,0,43,0,156,64,43,64,187,0x2004000,IDLE
1761409875.114855,P2-C1,Ken the Eagle,1511,37550,36039,,P1-C1,Ryu,12,262,0x106,6C,6C,,0.0,0x927EB9E0,0,43,0,153,64,43,64,187,0x4000,IDLE
1761409875.600008,P2-C1,Ken the Eagle,1559,36039,34480,,P1-C1,Ryu,12,304,0x130,Hado M,Hado M,,0.0,0x927EB9E0,0,43,0,149,0,43,65,187,0x0,IDLE
1761409876.105765,P2-C1,Ken the Eagle,465,34480,34015,,P1-C1,Ryu,12,256,0x100,5A,5A,,0.0,0x927EB9E0,0,43,0,148,64,43,64,170,0x2004000,IDLE
1761409876.347986,P2-C1,Ken the Eagle,426,34015,33589,,P1-C1,Ryu,12,256,0x100,5A,5A,,0.0,0x927EB9E0,0,43,0,147,64,43,64,170,0x2004000,IDLE
1761409876.565766,P2-C1,Ken the Eagle,387,33589,33202,,P1-C1,Ryu,12,256,0x100,5A,5A,,0.0,0x927EB9E0,0,43,0,146,64,43,64,170,0x2004000,IDLE
1761409876.806809,P2-C1,Ken the Eagle,628,33202,32574,,P1-C1,Ryu,12,257,0x101,5B,5B,,0.0,0x927EB9E0,0,43,0,145,64,43,64,170,0x2004000,IDLE
1761409877.100784,P2-C1,Ken the Eagle,527,32574,32047,,P1-C1,Ryu,12,260,0x104,2B,2B,,0.0,0x927EB9E0,0,43,0,143,64,43,64,170,0x2004000,CROUCH
1761409877.510586,P2-C1,Ken the Eagle,843,32047,31204,,P1-C1,Ryu,12,258,0x102,FLAG_258,FLAG_258,,0.0,0x927EB9E0,0,43,0,141,64,43,64,170,0x2004000,IDLE
1761409877.975898,P2-C1,Ken the Eagle,734,31204,30470,,P1-C1,Ryu,12,262,0x106,6C,6C,,0.0,0x927EB9E0,0,43,0,140,64,43,64,170,0x4000,IDLE
1761409878.464542,P2-C1,Ken the Eagle,816,30470,29654,,P1-C1,Ryu,12,304,0x130,Hado M,Hado M,,0.0,0x927EB9E0,0,43,0,138,0,43,65,170,0x0,IDLE
1761409880.096785,P2-C1,Ken the Eagle,252,29654,29402,,P1-C1,Ryu,12,352,0x160,Shinkuu,Shinkuu,,0.0,0x927EB9E0,0,43,0,137,0,43,66,170,0x0,IDLE
1761409880.170999,P2-C1,Ken the Eagle,252,29402,29150,,P1-C1,Ryu,12,352,0x160,Shinkuu,Shinkuu,,0.0,0x927EB9E0,0,43,0,137,0,43,66,170,0x0,IDLE
1761409880.263798,P2-C1,Ken the Eagle,252,29150,28898,,P1-C1,Ryu,12,352,0x160,Shinkuu,Shinkuu,,0.0,0x927EB9E0,0,43,0,136,0,43,66,170,0x0,IDLE
1761409880.337791,P2-C1,Ken the Eagle,252,28898,28646,,P1-C1,Ryu,12,352,0x160,Shinkuu,Shinkuu,,0.0,0x927EB9E0,0,43,0,135,0,43,66,170,0x0,IDLE
1761409880.426347,P2-C1,Ken the Eagle,252,28646,28394,,P1-C1,Ryu,12,352,0x160,Shinkuu,Shinkuu,,0.0,0x927EB9E0,0,43,0,135,0,43,66,170,0x0,IDLE
1761409880.520180,P2-C1,Ken the Eagle,252,28394,28142,,P1-C1,Ryu,12,352,0x160,Shinkuu,Shinkuu,,0.0,0x927EB9E0,0,43,0,134,0,43,66,170,0x0,IDLE
1761409880.593686,P2-C1,Ken the Eagle,252,28142,27890,,P1-C1,Ryu,12,352,0x160,Shinkuu,Shinkuu,,0.0,0x927EB9E0,0,43,0,134,0,43,66,170,0x0,IDLE
1761409880.669931,P2-C1,Ken the Eagle,252,27890,27638,,P1-C1,Ryu,12,352,0x160,Shinkuu,Shinkuu,,0.0,0x927EB9E0,0,43,0,133,0,43,66,170,0x0,IDLE
1761409880.761913,P2-C1,Ken the Eagle,252,27638,27386,,P1-C1,Ryu,12,352,0x160,Shinkuu,Shinkuu,,0.0,0x927EB9E0,0,43,0,132,0,43,66,170,0x0,IDLE
1761409880.837673,P2-C1,Ken the Eagle,252,27386,27134,,P1-C1,Ryu,12,352,0x160,Shinkuu,Shinkuu,,0.0,0x927EB9E0,0,43,0,132,0,43,66,170,0x0,IDLE
1761409880.930593,P2-C1,Ken the Eagle,252,27134,26882,,P1-C1,Ryu,12,352,0x160,Shinkuu,Shinkuu,,0.0,0x927EB9E0,0,43,0,131,0,43,66,170,0x0,IDLE
1761409881.004785,P2-C1,Ken the Eagle,252,26882,26630,,P1-C1,Ryu,12,352,0x160,Shinkuu,Shinkuu,,0.0,0x927EB9E0,0,43,0,131,0,43,66,170,0x0,IDLE
1761409881.097802,P2-C1,Ken the Eagle,252,26630,26378,,P1-C1,Ryu,12,352,0x160,Shinkuu,Shinkuu,,0.0,0x927EB9E0,0,43,0,130,0,43,66,170,0x0,IDLE
1761409881.173243,P1-C2,Chun-Li,4600,46000,41400,,P2-C1,Ken the Eagle,1,64,0x40,yatter splash B?,yatter splash B?,,18.779440492771982,0x92B6BA00,0,43,2,179,0,43,0,130,0x0,IDLE
1761409882.813667,P2-C1,Ken the Eagle,252,26378,26126,,P1-C2,Chun-Li,13,353,0x161,Hoyo,Hoyo,,0.0,0x927EB9E0,0,43,0,130,0,43,2,179,0x0,IDLE
1761409882.926536,P2-C1,Ken the Eagle,308,26126,25818,,P1-C2,Chun-Li,13,353,0x161,Hoyo,Hoyo,,0.0,0x927EB9E0,0,43,0,129,0,43,2,179,0x0,IDLE
1761409883.080035,P2-C1,Ken the Eagle,308,25818,25510,,P1-C2,Chun-Li,13,353,0x161,Hoyo,Hoyo,,0.0,0x927EB9E0,0,43,0,128,0,43,2,179,0x0,IDLE
1761409883.213288,P2-C1,Ken the Eagle,308,25510,25202,,P1-C2,Chun-Li,13,353,0x161,Hoyo,Hoyo,,0.0,0x927EB9E0,0,43,0,127,0,43,2,179,0x0,IDLE
1761409883.346020,P2-C1,Ken the Eagle,308,25202,24894,,P1-C2,Chun-Li,13,353,0x161,Hoyo,Hoyo,,0.0,0x927EB9E0,0,43,0,127,0,43,2,179,0x0,IDLE
1761409883.477200,P2-C1,Ken the Eagle,308,24894,24586,,P1-C2,Chun-Li,13,353,0x161,Hoyo,Hoyo,,0.0,0x927EB9E0,0,43,0,126,0,43,2,179,0x0,IDLE
1761409883.572792,P2-C1,Ken the Eagle,308,24586,24278,,P1-C2,Chun-Li,13,353,0x161,Hoyo,Hoyo,,0.0,0x927EB9E0,0,43,0,125,0,43,2,179,0x0,IDLE
1761409883.685343,P2-C1,Ken the Eagle,308,24278,23970,,P1-C2,Chun-Li,13,353,0x161,Hoyo,Hoyo,,0.0,0x927EB9E0,0,43,0,124,0,43,2,179,0x0,IDLE
1761409883.724000,P2-C1,Ken the Eagle,308,23970,23662,,P1-C2,Chun-Li,13,353,0x161,Hoyo,Hoyo,,0.0,0x927EB9E0,0,43,0,124,0,43,2,179,0x0,IDLE
1761409883.834278,P2-C1,Ken the Eagle,308,23662,23354,,P1-C2,Chun-Li,13,353,0x161,Hoyo,Hoyo,,0.0,0x927EB9E0,0,43,0,123,0,43,2,179,0x0,IDLE
1761409883.961317,P2-C1,Ken the Eagle,308,23354,23046,,P1-C2,Chun-Li,13,353,0x161,Hoyo,Hoyo,,0.0,0x927EB9E0,0,43,0,122,0,43,2,179,0x0,IDLE
1761409884.093619,P2-C1,Ken the Eagle,308,23046,22738,,P1-C2,Chun-Li,13,353,0x161,Hoyo,Hoyo,,0.0,0x927EB9E0,0,43,0,122,0,43,2,179,0x0,IDLE
1761409884.223292,P2-C1,Ken the Eagle,308,22738,22430,,P1-C2,Chun-Li,13,353,0x161,Hoyo,Hoyo,,0.0,0x927EB9E0,0,43,0,121,0,43,2,179,0x0,IDLE
1761409884.407916,P2-C1,Ken the Eagle,1120,22430,21310,,P1-C2,Chun-Li,13,353,0x161,Hoyo,Hoyo,,0.0,0x927EB9E0,0,43,0,118,0,43,2,179,0x0,IDLE
1761409885.136781,P2-C1,Ken the Eagle,398,21310,20912,,,,,,,,,,-1.0,0x927EB9E0,0,43,0,117,0,0,0,,,UNKNOWN_None
1761413342.809168,P1-C1,Ryu,500,43700,43200,,P2-C1,Ken the Eagle,1,1,0x1,multihit,,0.0,0x9246B9C0,0,43,0,0x00000000,-0.819236159324646,0,43,0,0x00000000,0.0
1761413360.388138,P2-C1,Ken the Eagle,1600,44000,42400,,P1-C1,Ryu,12,309,0x135,over head splitter C,YES,0.0,0x927EB9E0,0,43,1,0x00000000,0.0,0,43,0,0x00000000,-0.819236159324646
1761413360.716443,P2-C1,Ken the Eagle,1610,42400,40790,,,,,,,,,-1.0,0x927EB9E0,,,,,,0,43,0,0x00000000,-0.819236159324646
1761413361.052019,P2-C1,Ken the Eagle,1528,40790,39262,,,,,,,,,-1.0,0x927EB9E0,,,,,,0,43,0,0x00000000,-0.819236159324646
1761413364.165059,P2-C1,Ken the Eagle,800,44000,43200,,P1-C1,Ryu,12,256,0x100,5A,,0.0,0x927EB9E0,64,43,64,0x02004000,0.0,0,43,0,0x00000000,-0.819236159324646
1761413365.949665,P2-C1,Ken the Eagle,800,44000,43200,,P1-C1,Ryu,12,256,0x100,5A,,0.0,0x927EB9E0,64,43,64,0x02004000,0.0,0,43,0,0x00000000,-0.819236159324646
1761413371.523618,P2-C1,Ken the Eagle,800,44000,43200,P2,P1-C1,Ryu,12,256,0x100,5A,,0.0,0x927EB9E0,64,43,64,0x02004000,0.0,0,43,0,0x00000000,-0.819236159324646
1761413371.757833,P2-C1,Ken the Eagle,1368,43200,41832,,P1-C1,Ryu,12,257,0x101,5B,,0.0,0x927EB9E0,64,43,64,0x02004000,0.0,0,43,0,0x00000000,-0.819236159324646
1761413372.075119,P2-C1,Ken the Eagle,1224,41832,40608,,P1-C1,Ryu,12,260,0x104,2B,,0.0,0x927EB9E0,64,43,64,0x02004000,0.0,0,43,0,0x00000000,-0.819236159324646
1761413372.507923,P2-C1,Ken the Eagle,2108,40608,38500,,P1-C1,Ryu,12,258,0x102,FLAG_258,,0.0,0x927EB9E0,64,43,64,0x02004000,0.0,0,43,0,0x00000000,-0.819236159324646
1761413431.998992,P2-C1,Ken the Eagle,3600,44000,40400,,,,,,,,,-1.0,0x927EB9E0,,,,,,0,43,0,0x00000000,-0.819236159324646
1761413432.162295,P2-C1,Ken the Eagle,2436,40400,37964,,,,,,,,,-1.0,0x927EB9E0,,,,,,0,43,0,0x00000000,-0.819236159324646
1761413438.439076,P2-C1,Ken the Eagle,1360,44000,42640,P2,P1-C1,Ryu,12,260,0x104,2B,,0.0,0x927EB9E0,64,43,64,0x02004000,0.0,0,43,0,0x00000000,-0.819236159324646
1761413475.413554,P2-C1,Ken the Eagle,1000,44000,43000,,P1-C1,Ryu,12,1,0x1,multihit,,0.0,0x927EB9E0,0,43,0,0x00000000,0.0,0,43,0,0x00000000,-0.819236159324646
1761413475.643209,P2-C1,Ken the Eagle,1019,43000,41981,,,,,,,,,-1.0,0x927EB9E0,,,,,,0,43,0,0x00000000,-0.819236159324646
1761413475.888119,P2-C1,Ken the Eagle,985,41981,40996,,,,,,,,,-1.0,0x927EB9E0,,,,,,0,43,0,0x00000000,-0.819236159324646
1761413480.375324,P2-C1,Ken the Eagle,4400,44000,39600,P2,P1-C1,Ryu,12,1,0x1,multihit,,0.0,0x927EB9E0,0,43,0,0x00000000,0.0,0,43,0,0x00000000,-0.819236159324646
1761413505.994002,P1-C2,Yatterman-2,4000,46000,42000,,P2-C1,Volnutt,18,4294967295,0xffffffff,versus screen loading flag,YES,5.227249198364007,0x92B6BA00,0,43,0,0x00000000,-0.0,0,43,0,0x00000000,2.9147008057956195e-43
1761413508.709037,P1-C1,Batsu,4800,48000,43200,,P2-C1,Volnutt,18,1,0x1,multihit,,0.0,0x9246B9C0,0,43,0,0x00000000,-0.0,0,43,0,0x00000000,0.0
1761413532.988114,P2-C1,Volnutt,3800,42000,38200,,P1-C1,Batsu,14,262,0x106,6C,,0.0,0x927EB9E0,64,43,0,0x02004000,0.0,0,43,0,0x00000000,-0.0
1761413536.671661,P2-C1,Volnutt,3800,42000,38200,P2,P1-C1,Batsu,14,262,0x106,6C,,0.0,0x927EB9E0,64,43,0,0x02004000,0.0,0,43,0,0x00000000,-0.0
1761413541.411179,P2-C1,Volnutt,2400,42000,39600,,P1-C1,Batsu,14,264,0x108,3C,,0.0,0x927EB9E0,64,43,96,0x00004000,0.0,0,43,0,0x00000000,-0.0
1761413551.036199,P2-C1,Volnutt,3200,42000,38800,,P1-C1,Batsu,14,261,0x105,2C,,0.0,0x927EB9E0,64,43,64,0x02004000,0.0,0,43,0,0x00000000,-0.0
1761413603.774446,P2-C1,Volnutt,800,42000,41200,,P1-C1,Batsu,14,1,0x1,multihit,,0.0,0x927EB9E0,0,43,0,0x00000000,0.0,0,43,0,0x00000000,-0.0
1761413603.858965,P2-C1,Volnutt,810,41200,40390,,,,,,,,,-1.0,0x927EB9E0,,,,,,0,43,0,0x00000000,-0.0
1761413603.957306,P2-C1,Volnutt,779,40390,39611,,,,,,,,,-1.0,0x927EB9E0,,,,,,0,43,0,0x00000000,-0.0
1761413604.055788,P2-C1,Volnutt,746,39611,38865,,,,,,,,,-1.0,0x927EB9E0,,,,,,0,43,0,0x00000000,-0.0
1761413604.188998,P2-C1,Volnutt,713,38865,38152,,,,,,,,,-1.0,0x927EB9E0,,,,,,0,43,0,0x00000000,-0.0
1761413629.794640,P2-C1,Volnutt,1600,42000,40400,,P1-C1,Batsu,14,257,0x101,5B,,0.0,0x927EB9E0,64,43,0,0x02004000,0.0,0,43,0,0x00000000,-0.0
1761413651.961277,P2-C1,Volnutt,1600,42000,40400,,P1-C1,Batsu,14,257,0x101,5B,,0.0,0x927EB9E0,64,43,0,0x02004000,0.0,0,43,0,0x00000000,-0.0
1761413653.477880,P2-C1,Volnutt,1900,41900,40000,,P1-C1,Batsu,14,270,0x10e,6M,,0.0,0x927EB9E0,64,43,0,0x00004000,0.0,0,43,0,0x00000000,-0.0
1761413659.609849,P2-C1,Volnutt,1600,42000,40400,,P1-C1,Batsu,14,260,0x104,2B,,0.0,0x927EB9E0,64,43,64,0x02004000,0.0,0,43,0,0x00000000,-0.0
1761413660.978601,P2-C1,Volnutt,1600,40400,38800,,P1-C1,Batsu,14,257,0x101,5B,,0.0,0x927EB9E0,64,43,0,0x02004000,0.0,0,43,0,0x00000000,-0.0
1761413662.185935,P2-C1,Volnutt,1600,38800,37200,,P1-C1,Batsu,14,257,0x101,5B,,0.0,0x927EB9E0,64,43,0,0x02004000,0.0,0,43,0,0x00000000,-0.0
1761413665.221413,P2-C1,Volnutt,3200,42000,38800,,P1-C1,Batsu,14,258,0x102,FLAG_258,,0.0,0x927EB9E0,64,43,64,0x02004000,0.0,0,43,0,0x00000000,-0.0
1761413667.503053,P2-C1,Volnutt,5200,38800,33600,P2,P1-C1,Batsu,14,465,0x1d1,Front Throw,,0.0,0x927EB9E0,0,43,0,0x00000000,0.0,0,43,0,0x00000000,-0.0
1761413677.200649,P2-C1,Volnutt,3200,42000,38800,,P1-C1,Batsu,14,258,0x102,FLAG_258,,0.0,0x927EB9E0,64,43,64,0x02004000,0.0,0,43,0,0x00000000,-0.0
1761413679.766963,P2-C1,Volnutt,1600,42000,40400,,P1-C1,Batsu,14,162,0xa2,FLAG_162,,0.0,0x927EB9E0,0,43,0,0x02000000,0.0,0,43,0,0x00000000,-0.0
1761413680.934002,P2-C1,Volnutt,1600,40400,38800,,P1-C1,Batsu,14,257,0x101,5B,,0.0,0x927EB9E0,64,43,0,0x02004000,0.0,0,43,0,0x00000000,-0.0
1761413682.298357,P2-C1,Volnutt,1600,38800,37200,,P1-C1,Batsu,14,257,0x101,5B,,0.0,0x927EB9E0,64,43,0,0x02004000,0.0,0,43,0,0x00000000,-0.0
1761413682.870004,P2-C1,Volnutt,800,37200,36400,,P1-C1,Batsu,14,256,0x100,5A,,0.0,0x927EB9E0,64,43,64,0x02004000,0.0,0,43,0,0x00000000,-0.0
1761413685.222049,P2-C1,Volnutt,3200,42000,38800,,P1-C1,Batsu,14,258,0x102,FLAG_258,,0.0,0x927EB9E0,64,43,64,0x02004000,0.0,0,43,0,0x00000000,-0.0
1761413686.859334,P2-C1,Volnutt,3200,38800,35600,,P1-C1,Batsu,14,258,0x102,FLAG_258,,0.0,0x927EB9E0,64,43,64,0x02004000,0.0,0,43,0,0x00000000,-0.0
1761413689.377268,P2-C1,Volnutt,3200,42000,38800,,P1-C1,Batsu,14,258,0x102,FLAG_258,,0.0,0x927EB9E0,64,43,64,0x02004000,0.0,0,43,0,0x00000000,-0.0
1761413694.447524,P2-C1,Volnutt,1600,42000,40400,,P1-C1,Batsu,14,260,0x104,2B,,0.0,0x927EB9E0,64,43,64,0x02004000,0.0,0,43,0,0x00000000,-0.0
1761413695.781410,P2-C1,Volnutt,1600,40400,38800,,P1-C1,Batsu,14,260,0x104,2B,,0.0,0x927EB9E0,64,43,64,0x02004000,0.0,0,43,0,0x00000000,-0.0
1761413699.335774,P2-C1,Volnutt,1600,42000,40400,,P1-C1,Batsu,14,260,0x104,2B,,0.0,0x927EB9E0,64,43,64,0x02004000,0.0,0,43,0,0x00000000,-0.0
1761413699.966505,P2-C1,Volnutt,800,40400,39600,,P1-C1,Batsu,14,256,0x100,5A,,0.0,0x927EB9E0,64,43,64,0x02004000,0.0,0,43,0,0x00000000,-0.0
1761413708.274070,P2-C1,Volnutt,800,42000,41200,,P1-C1,Batsu,14,1,0x1,multihit,,0.0,0x927EB9E0,0,43,0,0x00000000,0.0,0,43,0,0x00000000,-0.0
1761413708.355121,P2-C1,Volnutt,810,41200,40390,,,,,,,,,-1.0,0x927EB9E0,,,,,,0,43,0,0x00000000,-0.0
1761413708.452440,P2-C1,Volnutt,779,40390,39611,,,,,,,,,-1.0,0x927EB9E0,,,,,,0,43,0,0x00000000,-0.0
1761413708.553694,P2-C1,Volnutt,746,39611,38865,,,,,,,,,-1.0,0x927EB9E0,,,,,,0,43,0,0x00000000,-0.0
1761413708.686460,P2-C1,Volnutt,713,38865,38152,,,,,,,,,-1.0,0x927EB9E0,,,,,,0,43,0,0x00000000,-0.0
1761413712.305214,P2-C1,Volnutt,800,42000,41200,,P1-C1,Batsu,14,1,0x1,multihit,,0.0,0x927EB9E0,0,43,0,0x00000000,0.0,0,43,0,0x00000000,-0.0
1761413712.387462,P2-C1,Volnutt,810,41200,40390,,,,,,,,,-1.0,0x927EB9E0,,,,,,0,43,0,0x00000000,-0.0
1761413712.485271,P2-C1,Volnutt,779,40390,39611,,,,,,,,,-1.0,0x927EB9E0,,,,,,0,43,0,0x00000000,-0.0
1761413712.583973,P2-C1,Volnutt,746,39611,38865,,,,,,,,,-1.0,0x927EB9E0,,,,,,0,43,0,0x00000000,-0.0
1761413712.717248,P2-C1,Volnutt,713,38865,38152,,,,,,,,,-1.0,0x927EB9E0,,,,,,0,43,0,0x00000000,-0.0
1761413751.586645,P2-C1,Volnutt,800,42000,41200,,P1-C1,Batsu,14,1,0x1,multihit,,0.0,0x927EB9E0,0,43,0,0x00000000,0.0,0,43,0,0x00000000,-0.0
1761413751.673275,P2-C1,Volnutt,810,41200,40390,,,,,,,,,-1.0,0x927EB9E0,,,,,,0,43,0,0x00000000,-0.0
1761413751.773062,P2-C1,Volnutt,779,40390,39611,,,,,,,,,-1.0,0x927EB9E0,,,,,,0,43,0,0x00000000,-0.0
1761413751.872273,P2-C1,Volnutt,746,39611,38865,,,,,,,,,-1.0,0x927EB9E0,,,,,,0,43,0,0x00000000,-0.0
1761413752.005971,P2-C1,Volnutt,713,38865,38152,,,,,,,,,-1.0,0x927EB9E0,,,,,,0,43,0,0x00000000,-0.0
1761413753.977778,P2-C1,Volnutt,3200,42000,38800,,P1-C1,Batsu,14,258,0x102,FLAG_258,,0.0,0x927EB9E0,64,43,64,0x02004000,0.0,0,43,0,0x00000000,-0.0
1761413756.860363,P2-C1,Volnutt,800,42000,41200,,,,,,,,,-1.0,0x927EB9E0,,,,,,0,43,0,0x00000000,-0.0
1761413756.926267,P2-C1,Volnutt,810,41200,40390,P2,,,,,,,,-1.0,0x927EB9E0,,,,,,0,43,0,0x00000000,-0.0
1761413757.025889,P2-C1,Volnutt,779,40390,39611,,,,,,,,,-1.0,0x927EB9E0,,,,,,0,43,0,0x00000000,-0.0
1761413757.126932,P2-C1,Volnutt,746,39611,38865,,,,,,,,,-1.0,0x927EB9E0,,,,,,0,43,0,0x00000000,-0.0
1761413757.261734,P2-C1,Volnutt,713,38865,38152,,,,,,,,,-1.0,0x927EB9E0,,,,,,0,43,0,0x00000000,-0.0
1761413758.610679,P2-C1,Volnutt,3200,38152,34952,,P1-C1,Batsu,14,258,0x102,FLAG_258,,0.0,0x927EB9E0,64,43,64,0x02004000,0.0,0,43,0,0x00000000,-0.0
1761413762.387344,P2-C1,Volnutt,3200,42000,38800,,P1-C1,Batsu,14,258,0x102,FLAG_258,,0.0,0x927EB9E0,64,43,64,0x02004000,0.0,0,43,0,0x00000000,-0.0
1761413762.964991,P2-C1,Volnutt,2280,38800,36520,,P1-C1,Batsu,14,264,0x108,3C,,0.0,0x927EB9E0,64,43,96,0x00004000,0.0,0,43,0,0x00000000,-0.0
1761413764.852975,P2-C1,Volnutt,1600,36520,34920,,P1-C1,Batsu,14,257,0x101,5B,,0.0,0x927EB9E0,64,43,0,0x02004000,0.0,0,43,0,0x00000000,-0.0
1761413765.366384,P2-C1,Volnutt,2400,34920,32520,,P1-C1,Batsu,14,264,0x108,3C,,0.0,0x927EB9E0,64,43,96,0x00004000,0.0,0,43,0,0x00000000,-0.0
1761413767.228601,P2-C1,Volnutt,1600,32520,30920,,P1-C1,Batsu,14,257,0x101,5B,,0.0,0x927EB9E0,64,43,0,0x02004000,0.0,0,43,0,0x00000000,-0.0
1761413767.776882,P2-C1,Volnutt,2400,30920,28520,,P1-C1,Batsu,14,264,0x108,3C,,0.0,0x927EB9E0,64,43,96,0x00004000,0.0,0,43,0,0x00000000,-0.0
1761413769.441546,P2-C1,Volnutt,3200,28520,25320,,P1-C1,Batsu,14,258,0x102,FLAG_258,,0.0,0x927EB9E0,64,43,64,0x02004000,0.0,0,43,0,0x00000000,-0.0
1761413770.107119,P2-C1,Volnutt,2400,25320,22920,,P1-C1,Batsu,14,264,0x108,3C,,0.0,0x927EB9E0,64,43,96,0x00004000,0.0,0,43,0,0x00000000,-0.0
1761413772.899958,P2-C1,Volnutt,800,42000,41200,,P1-C1,Batsu,14,256,0x100,5A,,0.0,0x927EB9E0,64,43,64,0x02004000,0.0,0,43,0,0x00000000,-0.0
1761413774.312212,P2-C1,Volnutt,800,42000,41200,,P1-C1,Batsu,14,256,0x100,5A,,0.0,0x927EB9E0,64,43,64,0x02004000,0.0,0,43,0,0x00000000,-0.0
1761413774.892994,P2-C1,Volnutt,2400,41200,38800,,P1-C1,Batsu,14,264,0x108,3C,,0.0,0x927EB9E0,64,43,96,0x00004000,0.0,0,43,0,0x00000000,-0.0
1761413776.529125,P2-C1,Volnutt,800,38800,38000,,P1-C1,Batsu,14,256,0x100,5A,,0.0,0x927EB9E0,64,43,64,0x02004000,0.0,0,43,0,0x00000000,-0.0
1761413777.078917,P2-C1,Volnutt,2400,38000,35600,,P1-C1,Batsu,14,264,0x108,3C,,0.0,0x927EB9E0,64,43,96,0x00004000,0.0,0,43,0,0x00000000,-0.0
1761413778.910980,P2-C1,Volnutt,800,35600,34800,,P1-C1,Batsu,14,256,0x100,5A,,0.0,0x927EB9E0,64,43,64,0x02004000,0.0,0,43,0,0x00000000,-0.0
1761413779.331300,P2-C1,Volnutt,2400,34800,32400,,P1-C1,Batsu,14,264,0x108,3C,,0.0,0x927EB9E0,64,43,96,0x00004000,0.0,0,43,0,0x00000000,-0.0
1761413781.048312,P2-C1,Volnutt,800,32400,31600,P2,P1-C1,Batsu,14,256,0x100,5A,,0.0,0x927EB9E0,64,43,64,0x02004000,0.0,0,43,0,0x00000000,-0.0
1761413781.448558,P2-C1,Volnutt,2400,31600,29200,P2,P1-C1,Batsu,14,264,0x108,3C,,0.0,0x927EB9E0,64,43,96,0x00004000,0.0,0,43,0,0x00000000,-0.0
1761413783.840405,P2-C1,Volnutt,3300,41700,38400,,P1-C1,Batsu,14,262,0x106,6C,,0.0,0x927EB9E0,64,43,0,0x02004000,0.0,0,43,0,0x00000000,-0.0
1761413785.821618,P2-C1,Volnutt,3800,38400,34600,,P1-C1,Batsu,14,262,0x106,6C,,0.0,0x927EB9E0,64,43,0,0x02004000,0.0,0,43,0,0x00000000,-0.0
1761413792.494882,P2-C1,Volnutt,3200,42000,38800,,P1-C1,Batsu,14,258,0x102,FLAG_258,,0.0,0x927EB9E0,64,43,64,0x02004000,0.0,0,43,0,0x00000000,-0.0
1761413794.146667,P2-C1,Volnutt,2700,40300,37600,,P1-C1,Batsu,14,258,0x102,FLAG_258,,0.0,0x927EB9E0,64,43,64,0x02004000,0.0,0,43,0,0x00000000,-0.0
1761413796.826989,P2-C1,Volnutt,3800,42000,38200,,P1-C1,Batsu,14,262,0x106,6C,,0.0,0x927EB9E0,64,43,0,0x02004000,0.0,0,43,0,0x00000000,-0.0
1761413799.452572,P2-C1,Volnutt,1600,42000,40400,,P1-C1,Batsu,14,257,0x101,5B,,0.0,0x927EB9E0,64,43,0,0x02004000,0.0,0,43,0,0x00000000,-0.0
1761413801.320089,P2-C1,Volnutt,1600,42000,40400,,P1-C1,Batsu,14,257,0x101,5B,,0.0,0x927EB9E0,64,43,0,0x02004000,0.0,0,43,0,0x00000000,-0.0
1761413804.475272,P2-C1,Volnutt,1600,42000,40400,,P1-C1,Batsu,14,257,0x101,5B,,0.0,0x927EB9E0,64,43,0,0x02004000,0.0,0,43,0,0x00000000,-0.0
1761413806.157911,P2-C1,Volnutt,1600,42000,40400,,P1-C1,Batsu,14,257,0x101,5B,,0.0,0x927EB9E0,64,43,0,0x02004000,0.0,0,43,0,0x00000000,-0.0
1761413807.711918,P2-C1,Volnutt,1600,42000,40400,,P1-C1,Batsu,14,257,0x101,5B,,0.0,0x927EB9E0,64,43,0,0x02004000,0.0,0,43,0,0x00000000,-0.0
1761413808.058035,P2-C1,Volnutt,1520,40400,38880,,P1-C1,Batsu,14,260,0x104,2B,,0.0,0x927EB9E0,64,43,64,0x02004000,0.0,0,43,0,0x00000000,-0.0
1761413808.479934,P2-C1,Volnutt,2880,38880,36000,,P1-C1,Batsu,14,258,0x102,FLAG_258,,0.0,0x927EB9E0,64,43,64,0x02004000,0.0,0,43,0,0x00000000,-0.0
1761413808.928976,P2-C1,Volnutt,2039,36000,33961,,P1-C1,Batsu,14,264,0x108,3C,,0.0,0x927EB9E0,64,43,96,0x00004000,0.0,0,43,0,0x00000000,-0.0
1761413810.632081,P2-C1,Volnutt,2400,33961,31561,,P1-C1,Batsu,14,264,0x108,3C,,0.0,0x927EB9E0,64,43,96,0x00004000,0.0,0,43,0,0x00000000,-0.0
1761413812.269133,P2-C1,Volnutt,1600,31561,29961,,P1-C1,Batsu,14,257,0x101,5B,,0.0,0x927EB9E0,64,43,0,0x02004000,0.0,0,43,0,0x00000000,-0.0
1761413812.650969,P2-C1,Volnutt,1520,29961,28441,,P1-C1,Batsu,14,260,0x104,2B,,0.0,0x927EB9E0,64,43,64,0x02004000,0.0,0,43,0,0x00000000,-0.0
1761413813.798476,P2-C1,Volnutt,2400,28441,26041,,P1-C1,Batsu,14,264,0x108,3C,,0.0,0x927EB9E0,64,43,96,0x00004000,0.0,0,43,0,0x00000000,-0.0
1761413815.654228,P2-C1,Volnutt,1200,26041,24841,,P1-C1,Batsu,14,307,0x133,Baselard A,YES,0.0,0x927EB9E0,0,43,1,0x00000000,0.0,0,43,0,0x00000000,-0.0
1761413815.721795,P2-C1,Volnutt,1140,24841,23701,,P1-C1,Batsu,14,307,0x133,Baselard A,YES,0.0,0x927EB9E0,0,43,1,0x00000000,0.0,0,43,0,0x00000000,-0.0
1761413815.786779,P2-C1,Volnutt,1080,23701,22621,,P1-C1,Batsu,14,307,0x133,Baselard A,YES,0.0,0x927EB9E0,0,43,1,0x00000000,0.0,0,43,0,0x00000000,-0.0
1761413816.916939,P2-C1,Volnutt,1200,22621,21421,,P1-C1,Batsu,14,307,0x133,Baselard A,YES,0.0,0x927EB9E0,0,43,1,0x00000000,0.0,0,43,0,0x00000000,-0.0
1761413816.985430,P2-C1,Volnutt,1140,21421,20281,,P1-C1,Batsu,14,307,0x133,Baselard A,YES,0.0,0x927EB9E0,0,43,1,0x00000000,0.0,0,43,0,0x00000000,-0.0
1761413817.053587,P2-C1,Volnutt,1080,20281,19201,,P1-C1,Batsu,14,307,0x133,Baselard A,YES,0.0,0x927EB9E0,0,43,1,0x00000000,0.0,0,43,0,0x00000000,-0.0
1761413818.111242,P2-C1,Volnutt,3200,19201,16001,,P1-C1,Batsu,14,261,0x105,2C,,0.0,0x927EB9E0,64,43,64,0x02004000,0.0,0,43,0,0x00000000,-0.0
1761413821.708142,P2-C1,Volnutt,800,42000,41200,,P1-C1,Batsu,14,256,0x100,5A,,0.0,0x927EB9E0,64,43,64,0x02004000,0.0,0,43,0,0x00000000,-0.0
1761413823.362732,P2-C1,Volnutt,1600,42000,40400,,P1-C1,Batsu,14,257,0x101,5B,,0.0,0x927EB9E0,64,43,0,0x02004000,0.0,0,43,0,0x00000000,-0.0
1761413824.981102,P2-C1,Volnutt,1600,42000,40400,,P1-C1,Batsu,14,260,0x104,2B,,0.0,0x927EB9E0,64,43,64,0x02004000,0.0,0,43,0,0x00000000,-0.0
1761413826.129039,P2-C1,Volnutt,2848,40400,37552,,P1-C1,Batsu,14,304,0x130,yatter shield,,0.0,0x927EB9E0,0,43,65,0x00000000,0.0,0,43,0,0x00000000,-0.0
1761413828.063363,P2-C1,Volnutt,3288,42000,38712,,P1-C1,Batsu,14,306,0x132,Hadengeki C,,0.0,0x927EB9E0,0,43,65,0x00000000,0.0,0,43,0,0x00000000,-0.0
1761413831.313478,P1-C1,Batsu,43199,43200,1,,P2-C1,Volnutt,18,1,0x1,multihit,,0.0,0x9246B9C0,0,43,0,0x00000000,-0.0,0,43,0,0x00000000,0.0
1761413832.075775,P2-C1,Volnutt,1300,40712,39412,,P1-C1,Batsu,14,260,0x104,2B,,0.0,0x927EB9E0,64,43,64,0x02004000,0.0,0,43,0,0x00000000,-0.0
1761413832.957136,P2-C1,Volnutt,12634,39412,26778,,P1-C1,Batsu,14,257,0x101,5B,,0.0,0x927EB9E0,64,43,0,0x02004000,0.0,0,43,0,0x00000000,-0.0
1761413833.391348,P2-C1,Volnutt,12003,26778,14775,,P1-C1,Batsu,14,260,0x104,2B,,0.0,0x927EB9E0,64,43,64,0x02004000,0.0,0,43,0,0x00000000,-0.0
1761413835.170995,P2-C1,Volnutt,1300,24275,22975,,P1-C1,Batsu,14,257,0x101,5B,,0.0,0x927EB9E0,64,43,0,0x02004000,0.0,0,43,0,0x00000000,-0.0
1761413835.521132,P2-C1,Volnutt,1710,22975,21265,,P1-C1,Batsu,14,260,0x104,2B,,0.0,0x927EB9E0,64,43,64,0x02004000,0.0,0,43,0,0x00000000,-0.0
1761413835.957317,P2-C1,Volnutt,11371,21265,9894,,P1-C1,Batsu,14,257,0x101,5B,,0.0,0x927EB9E0,64,43,0,0x02004000,0.0,0,43,0,0x00000000,-0.0
1761413836.306710,P2-C1,Volnutt,8591,9894,1303,,P1-C1,Batsu,14,260,0x104,2B,,0.0,0x927EB9E0,64,43,64,0x02004000,0.0,0,43,0,0x00000000,-0.0
1761413843.812097,P2-C1,Volnutt,1120,42000,40880,,,,,,,,,-1.0,0x927EB9E0,,,,,,0,43,0,0x00000000,-0.0
1761413843.895169,P2-C1,Volnutt,1120,40880,39760,,,,,,,,,-1.0,0x927EB9E0,,,,,,0,43,0,0x00000000,-0.0
1761413843.961281,P2-C1,Volnutt,1064,39760,38696,,,,,,,,,-1.0,0x927EB9E0,,,,,,0,43,0,0x00000000,-0.0
1761413844.028362,P2-C1,Volnutt,1008,38696,37688,,,,,,,,,-1.0,0x927EB9E0,,,,,,0,43,0,0x00000000,-0.0
1761413844.094409,P2-C1,Volnutt,951,37688,36737,,,,,,,,,-1.0,0x927EB9E0,,,,,,0,43,0,0x00000000,-0.0
1761413844.160699,P2-C1,Volnutt,895,36737,35842,,,,,,,,,-1.0,0x927EB9E0,,,,,,0,43,0,0x00000000,-0.0
1761413844.226717,P2-C1,Volnutt,839,35842,35003,,,,,,,,,-1.0,0x927EB9E0,,,,,,0,43,0,0x00000000,-0.0
1761413844.295038,P2-C1,Volnutt,783,35003,34220,,,,,,,,,-1.0,0x927EB9E0,,,,,,0,43,0,0x00000000,-0.0
1761413844.361369,P2-C1,Volnutt,727,34220,33493,,,,,,,,,-1.0,0x927EB9E0,,,,,,0,43,0,0x00000000,-0.0
1761413844.427044,P2-C1,Volnutt,671,33493,32822,,,,,,,,,-1.0,0x927EB9E0,,,,,,0,43,0,0x00000000,-0.0
1761413844.493022,P2-C1,Volnutt,615,32822,32207,,,,,,,,,-1.0,0x927EB9E0,,,,,,0,43,0,0x00000000,-0.0
1761413844.558496,P2-C1,Volnutt,559,32207,31648,,,,,,,,,-1.0,0x927EB9E0,,,,,,0,43,0,0x00000000,-0.0
1761413848.017044,P2-C1,Volnutt,1120,42000,40880,,P1-C1,Batsu,14,352,0x160,Real Megabuster,,0.0,0x927EB9E0,0,43,66,0x00000000,0.0,0,43,0,0x00000000,-0.0
1761413848.085442,P2-C1,Volnutt,1120,40880,39760,,,,,,,,,-1.0,0x927EB9E0,,,,,,0,43,0,0x00000000,-0.0
1761413848.153337,P2-C1,Volnutt,1064,39760,38696,,,,,,,,,-1.0,0x927EB9E0,,,,,,0,43,0,0x00000000,-0.0
1761413848.219857,P2-C1,Volnutt,1008,38696,37688,,,,,,,,,-1.0,0x927EB9E0,,,,,,0,43,0,0x00000000,-0.0
1761413848.287374,P2-C1,Volnutt,951,37688,36737,,,,,,,,,-1.0,0x927EB9E0,,,,,,0,43,0,0x00000000,-0.0
1761413848.352895,P2-C1,Volnutt,895,36737,35842,,,,,,,,,-1.0,0x927EB9E0,,,,,,0,43,0,0x00000000,-0.0
1761413848.419179,P2-C1,Volnutt,839,35842,35003,,,,,,,,,-1.0,0x927EB9E0,,,,,,0,43,0,0x00000000,-0.0
1761413848.500350,P2-C1,Volnutt,783,35003,34220,,,,,,,,,-1.0,0x927EB9E0,,,,,,0,43,0,0x00000000,-0.0
1761413848.566511,P2-C1,Volnutt,727,34220,33493,,,,,,,,,-1.0,0x927EB9E0,,,,,,0,43,0,0x00000000,-0.0
1761413848.632921,P2-C1,Volnutt,671,33493,32822,,,,,,,,,-1.0,0x927EB9E0,,,,,,0,43,0,0x00000000,-0.0
1761413848.700383,P2-C1,Volnutt,615,32822,32207,,,,,,,,,-1.0,0x927EB9E0,,,,,,0,43,0,0x00000000,-0.0
1761413848.766345,P2-C1,Volnutt,559,32207,31648,,,,,,,,,-1.0,0x927EB9E0,,,,,,0,43,0,0x00000000,-0.0
1761413851.704126,P2-C1,Volnutt,800,31648,30848,,P1-C1,Batsu,14,353,0x161,Oni Tactics,,0.0,0x927EB9E0,0,43,2,0x00000000,0.0,0,43,0,0x00000000,-0.0
1761413852.024712,P2-C1,Volnutt,1200,30848,29648,,P1-C1,Batsu,14,353,0x161,Oni Tactics,,0.0,0x927EB9E0,0,43,2,0x00000000,0.0,0,43,0,0x00000000,-0.0
1761413852.057947,P2-C1,Volnutt,1140,29648,28508,,P1-C1,Batsu,14,353,0x161,Oni Tactics,,0.0,0x927EB9E0,0,43,2,0x00000000,0.0,0,43,0,0x00000000,-0.0
1761413852.090758,P2-C1,Volnutt,1080,28508,27428,,P1-C1,Batsu,14,353,0x161,Oni Tactics,,0.0,0x927EB9E0,0,43,2,0x00000000,0.0,0,43,0,0x00000000,-0.0
1761413852.125475,P2-C1,Volnutt,1019,27428,26409,,P1-C1,Batsu,14,353,0x161,Oni Tactics,,0.0,0x927EB9E0,0,43,2,0x00000000,0.0,0,43,0,0x00000000,-0.0
1761413852.501061,P2-C1,Volnutt,959,26409,25450,,P1-C1,Batsu,14,353,0x161,Oni Tactics,,0.0,0x927EB9E0,0,43,2,0x00000000,0.0,0,43,0,0x00000000,-0.0
1761413852.551138,P2-C1,Volnutt,899,25450,24551,,,,,,,,,-1.0,0x927EB9E0,,,,,,0,43,0,0x00000000,-0.0
1761413852.599886,P2-C1,Volnutt,839,24551,23712,,,,,,,,,-1.0,0x927EB9E0,,,,,,0,43,0,0x00000000,-0.0
1761413852.649423,P2-C1,Volnutt,779,23712,22933,,,,,,,,,-1.0,0x927EB9E0,,,,,,0,43,0,0x00000000,-0.0
1761413852.698292,P2-C1,Volnutt,719,22933,22214,,,,,,,,,-1.0,0x927EB9E0,,,,,,0,43,0,0x00000000,-0.0
1761413852.748549,P2-C1,Volnutt,659,22214,21555,,,,,,,,,-1.0,0x927EB9E0,,,,,,0,43,0,0x00000000,-0.0
1761413852.797378,P2-C1,Volnutt,599,21555,20956,,,,,,,,,-1.0,0x927EB9E0,,,,,,0,43,0,0x00000000,-0.0
1761413854.166193,P2-C1,Volnutt,3200,20956,17756,,P1-C1,Batsu,14,258,0x102,FLAG_258,,0.0,0x927EB9E0,64,43,64,0x02004000,0.0,0,43,0,0x00000000,-0.0
1761413859.362780,P2-C1,Volnutt,3076,42000,38924,,P1-C1,Batsu,14,305,0x131,Zombie Grab,,0.0,0x927EB9E0,0,43,65,0x00000000,0.0,0,43,0,0x00000000,-0.0
1761413860.812958,P2-C1,Volnutt,1600,38924,37324,,P1-C1,Batsu,14,257,0x101,5B,,0.0,0x927EB9E0,64,43,0,0x02004000,0.0,0,43,0,0x00000000,-0.0
1761413861.179380,P2-C1,Volnutt,1520,37324,35804,,P1-C1,Batsu,14,260,0x104,2B,,0.0,0x927EB9E0,64,43,64,0x02004000,0.0,0,43,0,0x00000000,-0.0
1761413861.660378,P2-C1,Volnutt,2160,35804,33644,,P1-C1,Batsu,14,264,0x108,3C,,0.0,0x927EB9E0,64,43,96,0x00004000,0.0,0,43,0,0x00000000,-0.0
1761413863.087805,P2-C1,Volnutt,1600,33644,32044,,P1-C1,Batsu,14,257,0x101,5B,,0.0,0x927EB9E0,64,43,0,0x02004000,0.0,0,43,0,0x00000000,-0.0
1761413863.490905,P2-C1,Volnutt,1520,32044,30524,,P1-C1,Batsu,14,260,0x104,2B,,0.0,0x927EB9E0,64,43,64,0x02004000,0.0,0,43,0,0x00000000,-0.0
1761413864.775804,P2-C1,Volnutt,1600,30524,28924,,P1-C1,Batsu,14,257,0x101,5B,,0.0,0x927EB9E0,64,43,0,0x02004000,0.0,0,43,0,0x00000000,-0.0
1761413865.274300,P2-C1,Volnutt,1600,28924,27324,,P1-C1,Batsu,14,260,0x104,2B,,0.0,0x927EB9E0,64,43,64,0x02004000,0.0,0,43,0,0x00000000,-0.0
1761413866.485641,P2-C1,Volnutt,1600,27324,25724,,P1-C1,Batsu,14,257,0x101,5B,,0.0,0x927EB9E0,64,43,0,0x02004000,0.0,0,43,0,0x00000000,-0.0
1761413866.933430,P2-C1,Volnutt,1520,25724,24204,,P1-C1,Batsu,14,260,0x104,2B,,0.0,0x927EB9E0,64,43,64,0x02004000,0.0,0,43,0,0x00000000,-0.0
1761413868.019015,P2-C1,Volnutt,1600,24204,22604,,P1-C1,Batsu,14,257,0x101,5B,,0.0,0x927EB9E0,64,43,0,0x02004000,0.0,0,43,0,0x00000000,-0.0
1761413868.470124,P2-C1,Volnutt,1520,22604,21084,,P1-C1,Batsu,14,260,0x104,2B,,0.0,0x927EB9E0,64,43,64,0x02004000,0.0,0,43,0,0x00000000,-0.0
1761413869.553190,P2-C1,Volnutt,1600,21084,19484,,P1-C1,Batsu,14,257,0x101,5B,,0.0,0x927EB9E0,64,43,0,0x02004000,0.0,0,43,0,0x00000000,-0.0
1761413870.021010,P2-C1,Volnutt,1520,19484,17964,,P1-C1,Batsu,14,260,0x104,2B,,0.0,0x927EB9E0,64,43,64,0x02004000,0.0,0,43,0,0x00000000,-0.0
1761413976.648667,P2-C1,Volnutt,1600,42000,40400,,P1-C1,Batsu,14,257,0x101,5B,,0.006638392473647059,0x927EB9E0,64,43,0,0x02004000,0.0,0,43,0,0x00000000,-0.0
1761413983.701810,P2-C1,Volnutt,1600,42000,40400,,P1-C1,Batsu,14,257,0x101,5B,,0.01759542631276645,0x927EB9E0,64,43,0,0x02004000,0.0,0,43,0,0x00000000,-0.0
1761413984.903987,P2-C1,Volnutt,1600,40400,38800,,P1-C1,Batsu,14,257,0x101,5B,,0.009043134348360127,0x927EB9E0,64,43,0,0x02004000,0.0,0,43,0,0x00000000,-0.0
1761413988.374198,P2-C1,Volnutt,800,42000,41200,,P1-C1,Batsu,14,353,0x161,Oni Tactics,,0.003793704513554985,0x927EB9E0,0,43,2,0x00000000,0.0,0,43,0,0x00000000,-0.0
1761413988.674951,P2-C1,Volnutt,1200,41200,40000,,P1-C1,Batsu,14,353,0x161,Oni Tactics,,0.12740550495897196,0x927EB9E0,0,43,2,0x00000000,0.0,0,43,0,0x00000000,-0.0
1761413988.707846,P2-C1,Volnutt,1140,40000,38860,,P1-C1,Batsu,14,353,0x161,Oni Tactics,,0.17354154621513374,0x927EB9E0,0,43,2,0x00000000,0.0,0,43,0,0x00000000,-0.0
1761413988.741360,P2-C1,Volnutt,1080,38860,37780,,P1-C1,Batsu,14,353,0x161,Oni Tactics,,0.13057601933043372,0x927EB9E0,0,43,2,0x00000000,0.0,0,43,0,0x00000000,-0.0
1761413988.791413,P2-C1,Volnutt,1019,37780,36761,,P1-C1,Batsu,14,353,0x161,Oni Tactics,,0.06226948336463067,0x927EB9E0,0,43,2,0x00000000,0.0,0,43,0,0x00000000,-0.0
1761413989.141032,P2-C1,Volnutt,959,36761,35802,,P1-C1,Batsu,14,353,0x161,Oni Tactics,,0.9035184847182478,0x927EB9E0,0,43,2,0x00000000,0.0,0,43,0,0x00000000,-0.0
1761413989.205712,P2-C1,Volnutt,899,35802,34903,,P1-C1,Batsu,14,353,0x161,Oni Tactics,,0.027979792875157727,0x927EB9E0,0,43,2,0x00000000,0.0,0,43,0,0x00000000,-0.0
1761413989.257448,P2-C1,Volnutt,839,34903,34064,,P1-C1,Batsu,14,353,0x161,Oni Tactics,,0.3589817962643451,0x927EB9E0,0,43,2,0x00000000,0.0,0,43,0,0x00000000,-0.0
1761413989.290666,P2-C1,Volnutt,779,34064,33285,,P1-C1,Batsu,14,353,0x161,Oni Tactics,,1.130357731730328,0x927EB9E0,0,43,2,0x00000000,0.0,0,43,0,0x00000000,-0.0
1761413989.353975,P2-C1,Volnutt,719,33285,32566,,P1-C1,Batsu,14,353,0x161,Oni Tactics,,2.2977045700374674,0x927EB9E0,0,43,2,0x00000000,0.0,0,43,0,0x00000000,-0.0
1761413989.402858,P2-C1,Volnutt,659,32566,31907,,P1-C1,Batsu,14,353,0x161,Oni Tactics,,3.862786774600181,0x927EB9E0,0,43,2,0x00000000,0.0,0,43,0,0x00000000,-0.0
1761413989.451913,P2-C1,Volnutt,599,31907,31308,,P1-C1,Batsu,14,353,0x161,Oni Tactics,,5.823542970620338,0x927EB9E0,0,43,2,0x00000000,0.0,0,43,0,0x00000000,-0.0
1761413998.298354,P2-C1,Volnutt,2400,42000,39600,,P1-C1,Batsu,14,264,0x108,3C,,0.38608521756522407,0x927EB9E0,64,43,96,0x00004000,0.0,0,43,0,0x00000000,-0.0
1761413998.933323,P2-C1,Volnutt,3997,39600,35603,,P1-C1,Batsu,14,161,0xa1,FLAG_161,YES,0.02720075994511717,0x927EB9E0,64,43,0,0x00004000,0.0,0,43,0,0x00000000,-0.0
1761414000.753761,P2-C1,Volnutt,2400,35603,33203,,P1-C1,Batsu,14,264,0x108,3C,,0.32902249200384404,0x927EB9E0,64,43,96,0x00004000,0.0,0,43,0,0x00000000,-0.0
1761414001.153402,P2-C1,Volnutt,1834,33203,31369,,P1-C1,Batsu,14,266,0x10a,FLAG_266,YES,0.008947123074904084,0x927EB9E0,64,43,4,0x02004000,0.0,0,43,0,0x00000000,-0.0
1761414001.487880,P2-C1,Volnutt,1876,31369,29493,,P1-C1,Batsu,14,289,0x121,FLAG_289,YES,0.19413459094721475,0x927EB9E0,64,43,4,0x02004000,0.0,0,43,0,0x00000000,-0.0
1761414001.853548,P2-C1,Volnutt,3693,29493,25800,,P1-C1,Batsu,14,161,0xa1,FLAG_161,YES,0.10644160138690495,0x927EB9E0,64,43,0,0x00004000,0.0,0,43,0,0x00000000,-0.0
1761414015.720410,P2-C1,Volnutt,1600,42000,40400,,P1-C1,Batsu,14,257,0x101,5B,,0.01267700807352412,0x927EB9E0,64,43,0,0x02004000,0.0,0,43,0,0x00000000,-0.0
1761414016.087157,P2-C1,Volnutt,1520,40400,38880,,P1-C1,Batsu,14,260,0x104,2B,,0.24103376390498,0x927EB9E0,64,43,64,0x02004000,0.0,0,43,0,0x00000000,-0.0
1761414017.732688,P2-C1,Volnutt,1600,42000,40400,,P1-C1,Batsu,14,257,0x101,5B,,0.009056311873237632,0x927EB9E0,64,43,0,0x02004000,0.0,0,43,0,0x00000000,-0.0
1761414018.128283,P2-C1,Volnutt,1520,40400,38880,,P1-C1,Batsu,14,260,0x104,2B,,0.2718136806734037,0x927EB9E0,64,43,64,0x02004000,0.0,0,43,0,0x00000000,-0.0
1761414020.694634,P2-C1,Volnutt,1600,42000,40400,,P1-C1,Batsu,14,257,0x101,5B,,0.007683515341923908,0x927EB9E0,64,43,0,0x02004000,0.0,0,43,0,0x00000000,-0.0
1761414024.352827,P2-C1,Volnutt,3800,42000,38200,,P1-C1,Batsu,14,262,0x106,6C,,0.04784556497055803,0x927EB9E0,64,43,0,0x02004000,0.0,0,43,0,0x00000000,-0.0
1761414026.096387,P2-C1,Volnutt,3800,38200,34400,,P1-C1,Batsu,14,262,0x106,6C,,0.07013757724520531,0x927EB9E0,64,43,0,0x02004000,0.0,0,43,0,0x00000000,-0.0
1761414027.662448,P2-C1,Volnutt,2400,34400,32000,,P1-C1,Batsu,14,270,0x10e,6M,,0.0007267974311275793,0x927EB9E0,64,43,0,0x00004000,0.0,0,43,0,0x00000000,-0.0
1761414035.688780,P2-C1,Volnutt,3200,42000,38800,,P1-C1,Batsu,14,30,0x1e,Shell Kick (?),,0.16148293150094162,0x927EB9E0,64,43,0,0x00004000,0.0,0,43,0,0x00000000,-0.0
1761414046.479448,P1-C1,Batsu,500,43700,43200,,P2-C1,Volnutt,18,1,0x1,multihit,,0.17684915831074477,0x9246B9C0,0,43,0,0x00000000,-0.0,0,43,0,0x00000000,0.0
1761414192.994947,P2-C1,Volnutt,3200,42000,38800,,P1-C1,Batsu,14,258,0x102,FLAG_258,,0.3913085169845232,0x927EB9E0,64,43,64,0x02004000,0.0,0,43,0,0x00000000,-0.0
1761414231.881365,P1-C1,Batsu,500,43700,43200,,P2-C1,Volnutt,18,1,0x1,multihit,,0.16362189566167729,0x9246B9C0,0,43,0,0x00000000,-0.0,0,43,0,0x00000000,0.0
1761414557.812581,P2-C1,Volnutt,800,42000,41200,P1-C1,Batsu,14,256,0x100,FLAG_256,0.000,64,0x02004000,43,242,242,64,64,0.00,1,NEUTRAL
1761414558.063678,P2-C1,Volnutt,1520,41200,39680,P1-C1,Batsu,14,257,0x101,FLAG_257,0.000,64,0x02004000,43,242,242,0,64,0.00,1,NEUTRAL
1761414558.412187,P2-C1,Volnutt,1440,39680,38240,P1-C1,Batsu,14,260,0x104,FLAG_260,0.000,64,0x02004000,43,242,242,64,64,0.00,16,CROUCH
1761414741.099847,P2-C1,Volnutt,800,42000,41200,P1-C1,Batsu,14,256,0x100,FLAG_256,0.000,64,0x02004000,43,242,242,64,64,0.00,1,NEUTRAL
1761414741.948663,P2-C1,Volnutt,1600,41200,39600,P1-C1,Batsu,14,257,0x101,FLAG_257,0.000,64,0x02004000,43,242,242,0,64,0.00,1,NEUTRAL
1761414762.707947,P2-C1,Volnutt,1600,42000,40400,P1-C1,Batsu,14,257,0x101,FLAG_257,0.000,64,0x02004000,43,242,242,0,64,0.00,1,NEUTRAL
1761414780.647702,P2-C1,Volnutt,5200,42000,36800,P1-C1,Batsu,14,468,0x1d4,FLAG_468,0.000,0,0x00000000,43,242,242,0,32,0.00,1,NEUTRAL
1761414786.956372,P2-C1,Volnutt,800,42000,41200,P1-C1,Batsu,14,256,0x100,FLAG_256,0.000,64,0x02004000,43,242,242,64,64,0.00,1,NEUTRAL
1761414787.238562,P2-C1,Volnutt,1520,41200,39680,P1-C1,Batsu,14,257,0x101,FLAG_257,0.000,64,0x02004000,43,242,242,0,64,0.00,1,NEUTRAL
1761414787.539512,P2-C1,Volnutt,1440,39680,38240,P1-C1,Batsu,14,260,0x104,FLAG_260,0.000,64,0x02004000,43,242,242,64,64,0.00,16,CROUCH
1761414787.940567,P2-C1,Volnutt,2720,38240,35520,P1-C1,Batsu,14,261,0x105,FLAG_261,0.000,64,0x02004000,43,242,242,64,64,0.00,16,CROUCH
1761414792.479464,P2-C1,Volnutt,800,42000,41200,P1-C1,Batsu,14,256,0x100,FLAG_256,0.000,64,0x02004000,43,242,242,64,64,0.00,1,NEUTRAL
1761414815.321647,P2-C1,Volnutt,800,42000,41200,P1-C1,Batsu,14,259,0x103,FLAG_259,0.000,64,0x02004000,43,242,242,64,64,0.00,16,CROUCH
1761414816.055461,P2-C1,Volnutt,800,41200,40400,P1-C1,Batsu,14,259,0x103,FLAG_259,0.000,64,0x02004000,43,242,242,64,64,0.00,16,CROUCH
1761414816.936603,P2-C1,Volnutt,800,40400,39600,P1-C1,Batsu,14,259,0x103,FLAG_259,0.000,64,0x02004000,43,242,242,64,64,0.00,16,CROUCH
1761414819.942422,P2-C1,Volnutt,800,42000,41200,P1-C1,Batsu,14,259,0x103,FLAG_259,0.000,64,0x02004000,43,242,242,64,64,0.00,16,CROUCH
1761414822.148413,P2-C1,Volnutt,800,42000,41200,P1-C1,Batsu,14,259,0x103,FLAG_259,0.000,64,0x02004000,43,242,242,64,64,0.00,16,CROUCH
1761414823.517346,P2-C1,Volnutt,800,42000,41200,P1-C1,Batsu,14,259,0x103,FLAG_259,0.000,64,0x02004000,43,242,242,64,64,0.00,16,CROUCH
1761414824.307821,P2-C1,Volnutt,800,41200,40400,P1-C1,Batsu,14,259,0x103,FLAG_259,0.000,64,0x02004000,43,242,242,64,64,0.00,16,CROUCH
1761414824.943644,P2-C1,Volnutt,800,40400,39600,P1-C1,Batsu,14,259,0x103,FLAG_259,0.000,64,0x02004000,43,242,242,64,64,0.00,16,CROUCH
1761414829.935880,P2-C1,Volnutt,1600,42000,40400,P1-C1,Batsu,14,260,0x104,FLAG_260,0.000,64,0x02004000,43,242,242,64,64,0.00,16,CROUCH
1761414833.412449,P2-C1,Volnutt,1600,42000,40400,P1-C1,Batsu,14,260,0x104,FLAG_260,0.000,64,0x02004000,43,242,242,64,64,0.00,16,CROUCH
1761414834.676819,P2-C1,Volnutt,1600,40400,38800,P1-C1,Batsu,14,260,0x104,FLAG_260,0.000,64,0x02004000,43,242,242,64,64,0.00,16,CROUCH
1761414835.909791,P2-C1,Volnutt,1600,38800,37200,P1-C1,Batsu,14,260,0x104,FLAG_260,0.000,64,0x02004000,43,242,242,64,64,0.00,16,CROUCH
1761414838.360671,P2-C1,Volnutt,1600,42000,40400,P1-C1,Batsu,14,260,0x104,FLAG_260,0.000,64,0x02004000,43,242,242,64,64,0.00,16,CROUCH
1761414844.617779,P2-C1,Volnutt,800,42000,41200,P1-C1,Batsu,14,259,0x103,FLAG_259,0.000,64,0x02004000,43,242,242,64,64,0.00,16,CROUCH
1761414845.997250,P2-C1,Volnutt,1600,42000,40400,P1-C1,Batsu,14,260,0x104,FLAG_260,0.000,64,0x02004000,43,242,242,64,64,0.00,16,CROUCH
1761414946.280636,P2-C1,Volnutt,5200,42000,36800,P1-C1,Batsu,14,465,0x1d1,FLAG_465,0.000,0,0x00000000,43,242,242,0,32,0.00,1,NEUTRAL
1761414948.919347,P2-C1,Volnutt,5200,36800,31600,P1-C1,Batsu,14,465,0x1d1,FLAG_465,0.000,0,0x00000000,43,242,242,0,32,0.00,1,NEUTRAL
1761414983.634125,P2-C1,Volnutt,5200,42000,36800,P1-C1,Batsu,14,465,0x1d1,FLAG_465,0.000,0,0x00000000,43,242,242,0,32,0.00,1,NEUTRAL
1761415327.860827,P1-C1,Batsu,500,43700,43200,P2-C1,Volnutt,18,1,0x1,FLAG_1,0.000,0,0x00000000,43,242,242,0,0,0.00,1,NEUTRAL
1761415515.547533,P1-C1,Batsu,500,43700,43200,P2-C1,Volnutt,18,1,0x1,FLAG_1,0.000,0,0x00000000,43,242,242,0,0,0.00,1,NEUTRAL
1761415523.966656,P2-C1,Volnutt,1600,42000,40400,P1-C1,Batsu,14,260,0x104,FLAG_260,0.000,64,0x02004000,43,242,242,64,64,0.00,16,CROUCH
1761415526.425020,P2-C1,Volnutt,1600,42000,40400,P1-C1,Batsu,14,260,0x104,FLAG_260,0.004,72,0x00004800,43,242,242,64,64,0.00,16,CROUCH
1761415814.296057,P2-C1,Volnutt,800,42000,41200,P1-C1,Batsu,14,256,0x100,FLAG_256,0.000,64,0x02004000,43,242,242,64,64,0.00,1,NEUTRAL
1761415815.041665,P2-C1,Volnutt,800,41200,40400,P1-C1,Batsu,14,256,0x100,FLAG_256,0.000,64,0x02004000,43,242,242,64,64,0.00,1,NEUTRAL
1761415815.730021,P2-C1,Volnutt,800,40400,39600,P1-C1,Batsu,14,256,0x100,FLAG_256,0.000,64,0x02004000,43,242,242,64,64,0.00,1,NEUTRAL
1761415821.012961,P2-C1,Volnutt,800,42000,41200,P1-C1,Batsu,14,256,0x100,FLAG_256,0.000,64,0x02004000,43,242,242,64,64,0.00,1,NEUTRAL
1761415864.463313,P1-C1,Batsu,500,43700,43200,P2-C1,Volnutt,18,1,0x1,FLAG_1,0.000,0,0x00000000,43,242,242,0,0,0.00,1,NEUTRAL
1761415927.679786,P2-C1,Volnutt,3200,42000,38800,P1-C1,Batsu,14,258,0x102,FLAG_258,0.000,64,0x02004000,43,242,242,64,64,0.00,1,NEUTRAL
1761415930.264722,P2-C1,Volnutt,3200,42000,38800,P1-C1,Batsu,14,258,0x102,FLAG_258,0.000,64,0x02004000,43,242,242,64,64,0.00,1,NEUTRAL
1761416095.979430,P2-C1,Volnutt,3200,42000,38800,P1-C1,Batsu,14,261,0x105,FLAG_261,0.000,64,0x02004000,43,242,242,64,64,0.00,16,CROUCH
1761416100.053670,P2-C1,Volnutt,3200,42000,38800,P1-C1,Batsu,14,261,0x105,FLAG_261,0.000,64,0x02004000,43,242,242,64,64,0.00,16,CROUCH
1761416116.103552,P2-C1,Volnutt,1600,42000,40400,P1-C1,Batsu,14,260,0x104,FLAG_260,0.000,64,0x02004000,43,242,242,64,64,0.00,16,CROUCH
1761416122.242490,P2-C1,Volnutt,1600,42000,40400,P1-C1,Batsu,14,260,0x104,FLAG_260,0.000,64,0x02004000,43,242,242,64,64,0.00,16,CROUCH
1761416129.628636,P2-C1,Volnutt,1600,42000,40400,P1-C1,Batsu,14,257,0x101,FLAG_257,0.000,64,0x02004000,43,242,242,0,64,0.00,1,NEUTRAL
1761416131.271724,P2-C1,Volnutt,1600,42000,40400,P1-C1,Batsu,14,257,0x101,FLAG_257,0.000,64,0x02004000,43,242,242,0,64,0.00,1,NEUTRAL
1761416132.738395,P2-C1,Volnutt,1100,40400,39300,P1-C1,Batsu,14,257,0x101,FLAG_257,0.000,64,0x02004000,43,242,242,0,64,0.00,1,NEUTRAL
1761416136.882984,P2-C1,Volnutt,1600,42000,40400,P1-C1,Batsu,14,257,0x101,FLAG_257,0.000,64,0x02004000,43,242,242,0,64,0.00,1,NEUTRAL
1761416152.852588,P2-C1,Volnutt,1600,40400,38800,P1-C1,Batsu,14,257,0x101,FLAG_257,0.000,64,0x02004000,43,242,242,0,64,0.00,1,NEUTRAL
1761416212.003284,P2-C1,Volnutt,1600,42000,40400,P1-C1,Batsu,14,257,0x101,FLAG_257,0.000,64,0x02004000,43,242,242,0,64,0.00,1,NEUTRAL
1761416423.095722,P1-C1,Batsu,500,43700,43200,P2-C1,Volnutt,18,1,0x1,FLAG_1,0.000,0,0x00000000,43,242,242,0,0,0.00,1,NEUTRAL
1761416482.599321,P2-C1,Volnutt,1600,42000,40400,P1-C1,Batsu,14,257,0x101,FLAG_257,0.000,64,0x02004000,43,242,242,0,64,0.00,1,NEUTRAL
1761416538.752983,P2-C1,Volnutt,1600,42000,40400,P1-C1,Batsu,14,257,0x101,FLAG_257,0.000,64,0x02004000,43,242,242,0,64,0.00,1,NEUTRAL
1761416572.052656,P2-C1,Volnutt,3200,42000,38800,P1-C1,Batsu,14,258,0x102,FLAG_258,0.000,64,0x02004000,43,242,242,64,64,0.00,1,NEUTRAL
1761416617.588447,P2-C1,Volnutt,800,42000,41200,P1-C1,Batsu,14,256,0x100,FLAG_256,0.000,64,0x02004000,43,242,242,64,64,0.00,1,NEUTRAL
1761416642.793463,P2-C1,Volnutt,1600,42000,40400,P1-C1,Batsu,14,257,0x101,FLAG_257,0.000,64,0x02004000,43,242,242,0,64,0.00,1,NEUTRAL
1761416655.069640,P2-C1,Volnutt,3200,42000,38800,P1-C1,Batsu,14,258,0x102,FLAG_258,0.000,64,0x02004000,43,242,242,64,64,0.00,1,NEUTRAL
1761416656.959835,P1-C1,Batsu,500,43700,43200,P2-C1,Volnutt,18,1,0x1,FLAG_1,0.000,0,0x00000000,43,242,242,0,0,0.00,1,NEUTRAL
1761416668.400525,P2-C1,Volnutt,2400,42000,39600,P1-C1,Batsu,14,264,0x108,FLAG_264,0.000,64,0x00004000,43,242,242,96,64,0.00,1,NEUTRAL
1761416670.685748,P2-C1,Volnutt,2400,42000,39600,P1-C1,Batsu,14,264,0x108,FLAG_264,0.000,64,0x00004000,43,242,242,96,64,0.00,1,NEUTRAL
1761416713.823800,P2-C1,Volnutt,800,42000,41200,P1-C1,Batsu,14,256,0x100,FLAG_256,0.000,64,0x02004000,43,242,242,64,64,0.00,1,NEUTRAL
1761416718.432083,P2-C1,Volnutt,800,42000,41200,P1-C1,Batsu,14,256,0x100,FLAG_256,0.000,64,0x02004000,43,242,242,64,64,0.00,1,NEUTRAL
1761416737.968533,P2-C1,Volnutt,1600,42000,40400,P1-C1,Batsu,14,257,0x101,FLAG_257,0.000,64,0x02004000,43,242,242,0,64,0.00,1,NEUTRAL
1761416739.394747,P2-C1,Volnutt,1600,40400,38800,P1-C1,Batsu,14,260,0x104,FLAG_260,0.000,64,0x02004000,43,242,242,64,64,0.00,16,CROUCH
1761416746.730966,P2-C1,Volnutt,3040,38800,35760,P1-C1,Batsu,14,261,0x105,FLAG_261,0.000,64,0x02004000,43,242,242,64,64,0.00,16,CROUCH
1761416779.470251,P2-C1,Volnutt,3200,42000,38800,P1-C1,Batsu,14,261,0x105,FLAG_261,0.000,64,0x02004000,43,242,242,64,64,0.00,16,CROUCH
1761416838.273967,P2-C1,Volnutt,800,42000,41200,P1-C1,Batsu,14,1,0x1,FLAG_1,0.000,0,0x00000000,43,242,242,0,0,0.00,1,NEUTRAL
1761416843.747906,P2-C1,Volnutt,1600,38152,36552,P1-C1,Batsu,14,257,0x101,FLAG_257,0.000,64,0x02004000,43,242,242,0,64,0.00,1,NEUTRAL
1761416913.321033,P2-C1,Volnutt,800,42000,41200,P1-C1,Batsu,14,256,0x100,FLAG_256,0.000,64,0x02004000,43,242,242,64,64,0.00,1,NEUTRAL
1761416949.471923,P2-C1,Volnutt,1600,42000,40400,P1-C1,Batsu,14,257,0x101,FLAG_257,0.000,64,0x02004000,43,242,242,0,64,0.00,1,NEUTRAL
1761416962.519339,P2-C1,Volnutt,3200,42000,38800,P1-C1,Batsu,14,162,0xa2,FLAG_162,0.000,0,0x02000000,43,242,242,0,0,0.00,1,NEUTRAL
1761416965.205184,P2-C1,Volnutt,738,38800,38062,P1-C1,Batsu,14,256,0x100,FLAG_256,0.000,64,0x02004000,43,242,242,64,64,0.00,1,NEUTRAL
1761416965.593538,P2-C1,Volnutt,800,38062,37262,P1-C1,Batsu,14,1,0x1,FLAG_1,0.000,0,0x00000000,43,242,242,0,0,0.00,1,NEUTRAL
1761416969.341176,P2-C1,Volnutt,3200,34214,31014,P1-C1,Batsu,14,258,0x102,FLAG_258,0.000,64,0x02004000,43,242,242,64,64,0.00,1,NEUTRAL
1761416985.751852,P2-C1,Volnutt,1280,42000,40720,P1-C1,Batsu,14,162,0xa2,FLAG_162,0.000,0,0x00080000,43,242,242,0,0,0.00,1,NEUTRAL
1761416988.912689,P2-C1,Volnutt,738,40720,39982,P1-C1,Batsu,14,256,0x100,FLAG_256,0.000,64,0x02004000,43,242,242,64,64,0.00,1,NEUTRAL
1761417006.174186,P2-C1,Volnutt,800,39982,39182,P1-C1,Batsu,14,1,0x1,FLAG_1,0.000,0,0x00000000,43,242,242,0,0,0.00,1,NEUTRAL
1761417047.722374,P2-C1,Volnutt,800,42000,41200,P1-C1,Batsu,14,1,0x1,FLAG_1,0.000,0,0x00000000,43,242,242,0,0,0.00,1,NEUTRAL
1761417076.350955,P2-C1,Volnutt,3200,42000,38800,P1-C1,Batsu,14,258,0x102,FLAG_258,0.000,64,0x02004000,43,242,242,64,64,0.00,1,NEUTRAL
1761417085.825974,P2-C1,Volnutt,3200,38800,35600,P1-C1,Batsu,14,258,0x102,FLAG_258,0.000,64,0x02004000,43,242,242,64,64,0.00,1,NEUTRAL
1761417097.519188,P2-C1,Volnutt,3200,42000,38800,P1-C1,Batsu,14,258,0x102,FLAG_258,0.000,64,0x02004000,43,242,242,64,64,0.00,1,NEUTRAL
1761417101.318902,P2-C1,Volnutt,3200,42000,38800,P1-C1,Batsu,14,258,0x102,FLAG_258,0.000,64,0x02004000,43,242,242,64,64,0.00,1,NEUTRAL
1761417108.651948,P2-C1,Volnutt,3200,42000,38800,P1-C1,Batsu,14,258,0x102,FLAG_258,0.000,64,0x02004000,43,242,242,64,64,0.00,1,NEUTRAL
1761417115.130024,P2-C1,Volnutt,3200,42000,38800,P1-C1,Batsu,14,258,0x102,FLAG_258,0.000,64,0x02004000,43,242,242,64,64,0.00,1,NEUTRAL
1761417136.790213,P2-C1,Volnutt,760,38800,38040,P1-C1,Batsu,14,258,0x102,FLAG_258,0.000,0,0x02000000,43,242,242,64,64,0.00,1,NEUTRAL
1761417140.562016,P2-C1,Volnutt,3200,35169,31969,P1-C1,Batsu,14,258,0x102,FLAG_258,0.000,64,0x02004000,43,242,242,64,64,0.00,1,NEUTRAL
1761417172.750039,P2-C1,Volnutt,3200,31969,28769,P1-C1,Batsu,14,258,0x102,FLAG_258,0.000,64,0x02004000,43,242,242,64,64,0.00,1,NEUTRAL
1761417188.685652,P2-C1,Volnutt,3200,42000,38800,P1-C1,Batsu,14,258,0x102,FLAG_258,0.000,64,0x02004000,43,242,242,64,64,0.00,1,NEUTRAL
1761417190.252099,P2-C1,Volnutt,3200,38800,35600,P1-C1,Batsu,14,258,0x102,FLAG_258,0.000,64,0x02004000,43,242,242,64,64,0.00,1,NEUTRAL
1761417193.071741,P2-C1,Volnutt,3200,42000,38800,P1-C1,Batsu,14,258,0x102,FLAG_258,0.000,64,0x02004000,43,242,242,64,64,0.00,1,NEUTRAL
1761417196.091677,P2-C1,Volnutt,3200,42000,38800,P1-C1,Batsu,14,258,0x102,FLAG_258,0.000,64,0x02004000,43,242,242,64,64,0.00,1,NEUTRAL
1761417210.127789,P2-C1,Volnutt,3200,42000,38800,P1-C1,Batsu,14,258,0x102,FLAG_258,0.001,72,0x00004800,43,242,242,64,64,0.00,1,NEUTRAL
1761417222.749043,P1-C1,Batsu,500,43700,43200,P2-C1,Volnutt,18,1,0x1,FLAG_1,0.000,0,0x00000000,43,242,242,0,0,0.00,1,NEUTRAL
1761417226.274483,P2-C1,Volnutt,800,42000,41200,P1-C1,Batsu,14,256,0x100,FLAG_256,0.000,64,0x02004000,43,242,242,64,64,0.00,1,NEUTRAL
1761417227.091263,P2-C1,Volnutt,760,41200,40440,P1-C1,Batsu,14,256,0x100,FLAG_256,0.000,64,0x02004000,43,242,242,64,64,0.00,1,NEUTRAL
1761417228.928111,P2-C1,Volnutt,800,40440,39640,P1-C1,Batsu,14,256,0x100,FLAG_256,0.000,64,0x02004000,43,242,242,64,64,0.00,1,NEUTRAL
1761417237.378706,P2-C1,Volnutt,300,41140,40840,P1-C1,Batsu,14,256,0x100,FLAG_256,0.000,64,0x02004000,43,242,242,64,64,0.00,1,NEUTRAL
1761417287.929725,P2-C1,Volnutt,1600,42000,40400,P1-C1,Batsu,14,257,0x101,FLAG_257,0.000,64,0x02004000,43,242,242,0,64,0.00,1,NEUTRAL
1761417300.904504,P2-C1,Volnutt,3200,42000,38800,P1-C1,Batsu,14,258,0x102,FLAG_258,0.000,64,0x02004000,43,242,242,64,64,0.00,1,NEUTRAL
1761417338.563706,P2-C1,Volnutt,3200,38800,35600,P1-C1,Batsu,14,258,0x102,FLAG_258,0.000,64,0x02004000,43,242,242,64,64,0.00,1,NEUTRAL
1761417361.459209,P2-C1,Volnutt,3200,35600,32400,P1-C1,Batsu,14,258,0x102,FLAG_258,0.000,64,0x02004000,43,242,242,64,64,0.00,1,NEUTRAL
1761417392.028727,P2-C1,Volnutt,1600,42000,40400,P1-C1,Batsu,14,257,0x101,FLAG_257,0.000,64,0x02004000,43,242,242,0,64,0.00,1,NEUTRAL
1761417417.703039,P2-C1,Volnutt,3200,42000,38800,P1-C1,Batsu,14,258,0x102,FLAG_258,0.000,64,0x02004000,43,242,242,64,64,0.00,1,NEUTRAL
1761421196.685459,P2-C1,Volnutt,5200,42000,36800,P1-C1,Batsu,14,465,0x1d1,FLAG_465,0.000,0,0x00000000,43,242,242,0,32,0.00,1,NEUTRAL
1761421277.718520,P2-C1,Volnutt,6513,42000,35487,P1-C1,Batsu,14,474,0x1da,FLAG_474,0.000,0,0x00000000,43,242,242,0,160,0.00,0,AIRBORNE/LAUNCHED
1761421287.591813,P2-C1,Volnutt,5200,42000,36800,P1-C1,Batsu,14,465,0x1d1,FLAG_465,0.000,0,0x00000000,43,242,242,0,32,0.00,1,NEUTRAL
1761421303.124776,P2-C1,Volnutt,2400,42000,39600,P1-C1,Batsu,14,264,0x108,FLAG_264,0.000,64,0x00004000,43,242,242,96,64,0.00,1,NEUTRAL
1761421310.031594,P2-C1,Volnutt,5200,42000,36800,P1-C1,Batsu,14,465,0x1d1,FLAG_465,0.000,0,0x00000000,43,242,242,0,32,0.00,1,NEUTRAL
1761421322.190657,P1-C1,Batsu,500,43700,43200,P2-C1,Volnutt,18,1,0x1,FLAG_1,0.000,0,0x00000000,43,242,242,0,0,0.00,1,NEUTRAL
1761421337.608660,P2-C1,Volnutt,5200,42000,36800,P1-C1,Batsu,14,465,0x1d1,FLAG_465,0.000,0,0x00000000,43,242,242,0,32,0.00,1,NEUTRAL
1761421384.472329,P2-C1,Volnutt,2400,42000,39600,P1-C1,Batsu,14,264,0x108,FLAG_264,0.000,64,0x00004000,43,242,242,96,64,0.00,1,NEUTRAL
1761421819.777093,P1-C1,Batsu,500,43700,43200,P2-C1,Volnutt,18,1,0x1,FLAG_1,0.000,0,0x00000000,43,242,242,0,0,0.00,1,NEUTRAL
1761424423.232840,P2-C1,Ken the Eagle,1000,44000,43000,P1-C1,Ryu,12,1,0x1,idle,0.000,160,1,40,1,0x00000000,0x00000000
1761424423.455118,P2-C1,Ken the Eagle,1019,43000,41981,P1-C2,Chun-Li,13,426,0x1AA,assist attack,5350.893,0,70,0,64,0x00000000,0x00000000
1761424423.693887,P2-C1,Ken the Eagle,985,41981,40996,P1-C2,Chun-Li,13,426,0x1AA,assist attack,6725.019,0,70,0,64,0x00000000,0x00000000
1761425020.836764,P2-C1,Ken the Eagle,5200,39420,34220,P1-C1,Ryu,12,468,0x1D4,back throw,1.295,0,0,0,0,0x00000000,0x00000000
1761425318.537656,P2-C1,Ken the Eagle,1440,44000,42560,P1-C1,Ryu,12,257,0x101,5B,0.000,0,6,40,1,0x02004000,0x00000000
1761425325.152158,P2-C1,Ken the Eagle,1440,44000,42560,P1-C1,Ryu,12,257,0x101,5B,0.000,0,6,40,1,0x02004000,0x00000000
1761425330.039912,P2-C1,Ken the Eagle,2356,42560,40204,P1-C1,Ryu,12,258,0x102,5C,0.000,0,38,8,0,0x02004000,0x00000000
1761425331.607109,P2-C1,Ken the Eagle,1440,40204,38764,P1-C1,Ryu,12,257,0x101,5B,0.000,0,6,40,1,0x02004000,0x00000000
1761425335.718303,P2-C1,Ken the Eagle,1440,38764,37324,P1-C1,Ryu,12,257,0x101,5B,0.000,0,6,40,1,0x02004000,0x00000000
1761425346.525714,P2-C1,Ken the Eagle,1000,37324,36324,P1-C1,Ryu,12,1,0x1,idle,2786.632,160,1,8,64,0x00000000,0x00000000
1761425346.678298,P2-C1,Ken the Eagle,1019,36324,35305,P1-C1,Ryu,12,1,0x1,idle,5204.246,160,1,0,64,0x00000000,0x00000000
1761425346.932773,P2-C1,Ken the Eagle,985,35305,34320,P1-C2,Chun-Li,13,426,0x1AA,assist attack,7015.801,0,70,8,64,0x00000000,0x00000000
1761425349.557541,P2-C1,Ken the Eagle,1440,44000,42560,P1-C1,Ryu,12,257,0x101,5B,0.000,0,6,8,0,0x02004000,0x00000000
1761425352.438943,P2-C1,Ken the Eagle,2480,44000,41520,P1-C1,Ryu,12,258,0x102,5C,0.000,0,6,40,1,0x02004000,0x00000000
1761425356.017757,P2-C1,Ken the Eagle,2480,44000,41520,P1-C1,Ryu,12,258,0x102,5C,0.000,0,6,40,1,0x02004000,0x00000000
1761425399.877328,P2-C1,Ken the Eagle,1440,44000,42560,P1-C1,Ryu,12,257,0x101,5B,0.001,0,6,40,1,0x02004000,0x00000000
1761425402.431985,P2-C1,Ken the Eagle,1980,42560,40580,P1-C1,Ryu,12,258,0x102,5C,0.065,0,6,40,1,0x02004000,0x00000000
1761425427.389303,P2-C1,Ken the Eagle,800,44000,43200,P1-C1,Ryu,12,256,0x100,5A,0.000,0,6,40,1,0x02004000,0x00000000
1761425435.204287,P2-C1,Ken the Eagle,1440,44000,42560,P1-C1,Ryu,12,257,0x101,5B,0.013,0,6,40,1,0x00004800,0x00000000
1761425506.147516,P2-C1,Ken the Eagle,1440,44000,42560,P1-C1,Ryu,12,257,0x101,5B,0.000,0,6,40,1,0x02004000,0x00000000
1761425508.282439,P2-C1,Ken the Eagle,2480,44000,41520,P1-C1,Ryu,12,258,0x102,5C,0.000,0,6,40,1,0x02004000,0x00000000
1761425526.626492,P2-C1,Ken the Eagle,800,44000,43200,P1-C1,Ryu,12,256,0x100,5A,0.000,0,6,40,1,0x02004000,0x00000000
1761425526.866080,P2-C1,Ken the Eagle,1368,43200,41832,P1-C1,Ryu,12,257,0x101,5B,0.000,0,38,8,0,0x02004000,0x00000000
1761425527.172478,P2-C1,Ken the Eagle,1224,41832,40608,P1-C1,Ryu,12,260,0x104,2B,0.000,0,38,8,0,0x02004000,0x00000000
1761425528.746337,P2-C1,Ken the Eagle,800,44000,43200,P1-C1,Ryu,12,256,0x100,5A,0.000,0,6,40,1,0x02004000,0x00000000
1761425530.149477,P2-C1,Ken the Eagle,2480,44000,41520,P1-C1,Ryu,12,258,0x102,5C,0.000,0,6,40,1,0x02004000,0x00000000
1761425533.860606,P2-C1,Ken the Eagle,800,44000,43200,P1-C1,Ryu,12,256,0x100,5A,0.000,0,6,40,1,0x02004000,0x00000000
1761425535.672536,P2-C1,Ken the Eagle,800,44000,43200,P1-C1,Ryu,12,256,0x100,5A,0.000,0,6,40,1,0x02004000,0x00000000
1761425536.696620,P2-C1,Ken the Eagle,1440,43200,41760,P1-C1,Ryu,12,257,0x101,5B,0.000,0,6,40,1,0x02004000,0x00000000
1761425538.352426,P2-C1,Ken the Eagle,800,44000,43200,P1-C1,Ryu,12,256,0x100,5A,0.000,0,6,40,1,0x02004000,0x00000000
1761425538.575761,P2-C1,Ken the Eagle,1368,43200,41832,P1-C1,Ryu,12,257,0x101,5B,0.000,0,38,8,0,0x02004000,0x00000000
1761425538.882468,P2-C1,Ken the Eagle,1224,41832,40608,P1-C1,Ryu,12,260,0x104,2B,0.000,0,38,8,0,0x02004000,0x00000000
1761425539.274420,P2-C1,Ken the Eagle,2108,40608,38500,P1-C1,Ryu,12,258,0x102,5C,0.000,0,38,8,0,0x02004000,0x00000000
1761425548.482271,P1-C1,Ryu,500,43700,43200,P2-C1,Ken the Eagle,1,1,0x1,idle,0.000,160,1,160,1,0x00000000,0x00000000
1761425553.257079,P2-C1,Ken the Eagle,1440,44000,42560,P1-C1,Ryu,12,257,0x101,5B,0.000,0,6,40,1,0x02004000,0x00000000
1761425627.003648,P2-C1,Ken the Eagle,1440,44000,42560,P1-C1,Ryu,12,257,0x101,5B,0.000,0,6,40,1,0x02004000,0x00000000
1761425633.934160,P2-C1,Ken the Eagle,2480,44000,41520,P1-C1,Ryu,12,258,0x102,5C,0.000,0,6,40,1,0x02004000,0x00000000
1761425636.017389,P2-C1,Ken the Eagle,5200,41520,36320,P1-C1,Ryu,12,468,0x1D4,back throw,0.000,0,0,0,0,0x00000000,0x00000000
1761425640.837603,P2-C1,Ken the Eagle,2400,44000,41600,P1-C2,Chun-Li,13,430,0x1AE,assist standby,7.724,0,64,8,64,0x00000000,0x00000000
1761425643.875236,P1-C1,Ryu,500,43700,43200,P2-C1,Ken the Eagle,1,1,0x1,idle,0.000,168,1,0,0,0x00000000,0x00004000
1761425647.135988,P2-C1,Ken the Eagle,2160,41600,39440,P1-C1,Ryu,12,262,0x106,6C,0.000,0,6,40,1,0x00004000,0x00000000
1761425880.883487,P2-C1,Ken the Eagle,2480,44000,41520,P1-C1,Ryu,12,258,0x102,5C,0.000,0,6,40,1,0x02004000,0x00000000
1761425882.713821,P2-C1,Ken the Eagle,2480,44000,41520,P1-C1,Ryu,12,258,0x102,5C,0.000,0,6,40,1,0x02004000,0x00000000
1761425894.383219,P2-C1,Ken the Eagle,1440,44000,42560,P1-C1,Ryu,12,257,0x101,5B,0.000,0,6,40,1,0x02004000,0x00000000
1761425901.487426,P2-C1,Ken the Eagle,1440,44000,42560,P1-C1,Ryu,12,257,0x101,5B,0.000,0,6,40,1,0x02004000,0x00000000
1761425903.554338,P2-C1,Ken the Eagle,1440,44000,42560,P1-C1,Ryu,12,257,0x101,5B,0.000,0,6,40,1,0x02004000,0x00000000
1761426009.185649,P2-C1,Ken the Eagle,1440,44000,42560,P1-C1,Ryu,12,257,0x101,5B,0.000,0,6,8,0,0x02004000,0x00000000
1761426010.829383,P2-C1,Ken the Eagle,2480,44000,41520,P1-C1,Ryu,12,258,0x102,5C,0.000,0,6,40,1,0x02004000,0x00000000
1761426012.281863,P2-C1,Ken the Eagle,2480,41520,39040,P1-C1,Ryu,12,258,0x102,5C,0.000,0,6,40,1,0x02004000,0x00000000
1761426018.683355,P2-C1,Ken the Eagle,1980,43040,41060,P1-C1,Ryu,12,258,0x102,5C,0.000,0,6,40,1,0x02004000,0x00000000
1761426028.103248,P2-C1,Ken the Eagle,2480,41060,38580,P1-C1,Ryu,12,258,0x102,5C,0.000,0,6,40,1,0x02004000,0x00000000
1761426053.916755,P2-C1,Ken the Eagle,2480,44000,41520,P1-C1,Ryu,12,258,0x102,5C,0.000,0,6,40,1,0x02004000,0x00000000
1761426072.881050,P2-C1,Ken the Eagle,2480,44000,41520,P1-C1,Ryu,12,258,0x102,5C,0.000,0,6,40,1,0x02004000,0x00000000
1761426075.214996,P2-C1,Ken the Eagle,2480,44000,41520,P1-C1,Ryu,12,258,0x102,5C,0.000,0,6,40,1,0x02004000,0x00000000
1761426087.389636,P2-C1,Ken the Eagle,2480,41520,39040,P1-C1,Ryu,12,258,0x102,5C,0.000,0,6,40,1,0x02004000,0x00000000
1761426124.321385,P2-C1,Ken the Eagle,2400,44000,41600,P1-C1,Ryu,12,261,0x105,2C,0.000,0,6,40,65,0x02004000,0x00000000
1761426136.711305,P2-C1,Ken the Eagle,2400,41600,39200,P1-C1,Ryu,12,261,0x105,2C,0.000,0,6,40,65,0x02004000,0x00000000
1761426163.991901,P2-C1,Ken the Eagle,2480,44000,41520,P1-C1,Ryu,12,258,0x102,5C,0.000,0,6,40,1,0x02004000,0x00000000
1761426181.051737,P2-C1,Ken the Eagle,2160,44000,41840,P1-C1,Ryu,12,262,0x106,6C,0.000,0,6,8,0,0x00004000,0x00000000
1761426257.118825,P2-C1,Ken the Eagle,2480,44000,41520,P1-C1,Ryu,12,258,0x102,5C,0.258,0,6,40,1,0x02004000,0x00000000
1761426264.981452,P2-C1,Ken the Eagle,2480,44000,41520,P1-C1,Ryu,12,258,0x102,5C,0.260,0,6,40,1,0x02004000,0x00000000
1761426471.473393,P2-C1,Ken the Eagle,2400,44000,41600,P1-C1,Ryu,12,320,0x140,Mop up Charge B,0.823,0,68,40,1,0x00000000,0x00000000
1761426474.303356,P2-C1,Ken the Eagle,2400,44000,41600,P1-C1,Ryu,12,320,0x140,Mop up Charge B,0.476,0,70,40,1,0x00000000,0x00000000
1761426476.588557,P2-C1,Ken the Eagle,2400,44000,41600,P1-C1,Ryu,12,320,0x140,Mop up Charge B,0.161,0,68,40,1,0x00000000,0x00000000
1761426530.374993,P2-C1,Ken the Eagle,2400,44000,41600,P1-C1,Ryu,12,320,0x140,Mop up Charge B,0.041,0,68,40,1,0x00000000,0x00000000
1761426620.361910,P2-C1,Ken the Eagle,1142,44000,42858,P1-C2,Chun-Li,13,430,0x1AE,assist standby,0.824,0,64,0,64,0x00000000,0x00000000
1761426641.889326,P2-C1,Ken the Eagle,1155,42858,41703,P1-C2,Chun-Li,13,430,0x1AE,assist standby,0.544,0,64,0,64,0x00000000,0x00000000
1761426678.756209,P2-C1,Ken the Eagle,1133,44000,42867,P1-C1,Ryu,12,266,0x10A,FLAG_266,0.961,0,198,0,64,0x02004000,0x00000000
1761426685.389809,P2-C1,Ken the Eagle,1147,42867,41720,P1-C2,Chun-Li,13,430,0x1AE,assist standby,0.726,0,64,0,64,0x00000000,0x00000000
1761426691.239517,P2-C1,Ken the Eagle,1147,44000,42853,P1-C2,Chun-Li,13,430,0x1AE,assist standby,0.564,0,64,0,64,0x00000000,0x00000000
1761426732.195925,P2-C1,Ken the Eagle,1160,42853,41693,P1-C2,Chun-Li,13,430,0x1AE,assist standby,0.540,0,64,0,64,0x00000000,0x00000000
1761426770.443028,P2-C1,Ken the Eagle,1116,44000,42884,P1-C2,Chun-Li,13,430,0x1AE,assist standby,1.540,0,64,0,64,0x00000000,0x00000000
1761426771.226606,P2-C1,Ken the Eagle,1131,42884,41753,P1-C2,Chun-Li,13,430,0x1AE,assist standby,0.516,0,64,0,64,0x00000000,0x00000000
1761426787.650727,P2-C1,Ken the Eagle,2400,44000,41600,P1-C1,Ryu,12,264,0x108,3C,0.625,0,6,40,1,0x00004000,0x00000000
1761426813.106362,P2-C1,Ken the Eagle,1302,41600,40298,P1-C1,Ryu,12,266,0x10A,FLAG_266,0.394,0,70,0,64,0x02004000,0x00000000
1761426838.231660,P2-C1,Ken the Eagle,3160,40298,37138,P1-C1,Ryu,12,161,0xA1,FLAG_161,0.655,0,194,8,192,0x00004000,0x00000000
1761426930.918401,P2-C1,Ken the Eagle,720,44000,43280,P1-C1,Ryu,12,352,0x160,Real Megabuster,0.587,0,4,40,1,0x00000000,0x00000000
1761426932.897923,P2-C1,Ken the Eagle,720,43280,42560,P1-C1,Ryu,12,352,0x160,Real Megabuster,0.239,0,4,8,0,0x00000000,0x00000000
1761426933.154073,P2-C1,Ken the Eagle,684,42560,41876,P1-C1,Ryu,12,352,0x160,Real Megabuster,0.209,0,4,8,0,0x00000000,0x00000000
1761426933.256167,P2-C1,Ken the Eagle,648,41876,41228,P1-C1,Ryu,12,352,0x160,Real Megabuster,0.253,0,4,8,0,0x00000000,0x00000000
1761426933.341475,P2-C1,Ken the Eagle,612,41228,40616,P1-C1,Ryu,12,352,0x160,Real Megabuster,0.239,0,4,8,0,0x00000000,0x00000000
1761426933.392000,P2-C1,Ken the Eagle,575,40616,40041,P1-C1,Ryu,12,352,0x160,Real Megabuster,0.253,0,6,8,0,0x00000000,0x00000000
1761426933.459179,P2-C1,Ken the Eagle,539,40041,39502,P1-C1,Ryu,12,352,0x160,Real Megabuster,0.253,0,4,8,0,0x00000000,0x00000000
1761426933.527284,P2-C1,Ken the Eagle,503,39502,38999,P1-C1,Ryu,12,352,0x160,Real Megabuster,0.209,0,4,8,0,0x00000000,0x00000000
1761426933.595266,P2-C1,Ken the Eagle,467,38999,38532,P1-C1,Ryu,12,352,0x160,Real Megabuster,0.239,0,4,8,0,0x00000000,0x00000000
1761426933.680780,P2-C1,Ken the Eagle,431,38532,38101,P1-C1,Ryu,12,352,0x160,Real Megabuster,0.253,0,4,8,0,0x00000000,0x00000000
1761426934.769683,P2-C1,Ken the Eagle,395,38101,37706,P1-C1,Ryu,12,352,0x160,Real Megabuster,0.239,0,4,8,0,0x00000000,0x00000000
1761426936.337768,P2-C1,Ken the Eagle,359,37706,37347,P1-C1,Ryu,12,352,0x160,Real Megabuster,0.253,0,4,8,0,0x00000000,0x00000000
1761426937.925012,P2-C1,Ken the Eagle,323,37347,37024,P1-C1,Ryu,12,352,0x160,Real Megabuster,0.239,0,4,8,0,0x00000000,0x00000000
1761426939.322968,P2-C1,Ken the Eagle,287,37024,36737,P1-C1,Ryu,12,352,0x160,Real Megabuster,0.239,0,4,8,0,0x00000000,0x00000000
1761426940.651176,P2-C1,Ken the Eagle,252,36737,36485,P1-C1,Ryu,12,352,0x160,Real Megabuster,0.254,0,4,8,0,0x00000000,0x00000000
1761426941.982080,P2-C1,Ken the Eagle,252,36485,36233,P1-C1,Ryu,12,352,0x160,Real Megabuster,0.254,0,4,8,0,0x00000000,0x00000000
1761426943.449083,P2-C1,Ken the Eagle,252,36233,35981,P1-C1,Ryu,12,352,0x160,Real Megabuster,0.254,0,6,8,0,0x00000000,0x00000000
1761426944.855684,P2-C1,Ken the Eagle,252,35981,35729,P1-C1,Ryu,12,352,0x160,Real Megabuster,0.239,0,4,8,0,0x00000000,0x00000000
1761426946.213311,P2-C1,Ken the Eagle,364,35729,35365,P1-C1,Ryu,12,352,0x160,Real Megabuster,0.247,0,4,8,64,0x00000000,0x00000000
1761426966.113182,P2-C1,Ken the Eagle,2400,44000,41600,P1-C1,Ryu,12,261,0x105,2C,2.336,0,6,40,65,0x02004000,0x00000000
1761426972.454815,P2-C1,Ken the Eagle,2108,41600,39492,P1-C1,Ryu,12,262,0x106,6C,0.042,0,38,0,64,0x00004000,0x00000000
1761426986.952892,P2-C1,Ken the Eagle,640,44000,43360,P1-C1,Ryu,12,353,0x161,Oni Tactics,0.110,0,4,40,1,0x00000000,0x00000000
1761426988.656991,P2-C1,Ken the Eagle,608,43360,42752,P1-C1,Ryu,12,353,0x161,Oni Tactics,0.312,0,6,24,0,0x00000000,0x00000000
1761426988.690609,P2-C1,Ken the Eagle,576,42752,42176,P1-C1,Ryu,12,353,0x161,Oni Tactics,0.282,16,6,24,0,0x00000000,0x00000000
1761426988.741353,P2-C1,Ken the Eagle,544,42176,41632,P1-C1,Ryu,12,353,0x161,Oni Tactics,0.363,16,4,24,0,0x00000000,0x00000000
1761426988.775387,P2-C1,Ken the Eagle,511,41632,41121,P1-C1,Ryu,12,353,0x161,Oni Tactics,0.362,16,4,24,0,0x00000000,0x00000000
1761426988.809028,P2-C1,Ken the Eagle,479,41121,40642,P1-C1,Ryu,12,353,0x161,Oni Tactics,0.269,16,4,24,0,0x00000000,0x00000000
1761426988.843335,P2-C1,Ken the Eagle,447,40642,40195,P1-C1,Ryu,12,353,0x161,Oni Tactics,0.298,16,4,24,0,0x00000000,0x00000000
1761426988.877582,P2-C1,Ken the Eagle,415,40195,39780,P1-C1,Ryu,12,353,0x161,Oni Tactics,0.269,16,4,24,0,0x00000000,0x00000000
1761426988.928972,P2-C1,Ken the Eagle,383,39780,39397,P1-C1,Ryu,12,353,0x161,Oni Tactics,0.282,16,4,24,0,0x00000000,0x00000000
1761426988.979685,P2-C1,Ken the Eagle,351,39397,39046,P1-C1,Ryu,12,353,0x161,Oni Tactics,0.269,16,4,24,0,0x00000000,0x00000000
1761426989.030975,P2-C1,Ken the Eagle,319,39046,38727,P1-C1,Ryu,12,353,0x161,Oni Tactics,0.282,16,4,24,0,0x00000000,0x00000000
1761426989.082331,P2-C1,Ken the Eagle,287,38727,38440,P1-C1,Ryu,12,353,0x161,Oni Tactics,0.269,16,4,24,0,0x00000000,0x00000000
1761426989.133310,P2-C1,Ken the Eagle,255,38440,38185,P1-C1,Ryu,12,353,0x161,Oni Tactics,0.298,16,4,24,0,0x00000000,0x00000000
1761426989.184498,P2-C1,Ken the Eagle,224,38185,37961,P1-C1,Ryu,12,353,0x161,Oni Tactics,0.285,16,4,24,0,0x00000000,0x00000000
1761426989.218894,P2-C1,Ken the Eagle,224,37961,37737,P1-C1,Ryu,12,353,0x161,Oni Tactics,0.282,16,6,24,0,0x00000000,0x00000000
1761426989.286874,P2-C1,Ken the Eagle,224,37737,37513,P1-C1,Ryu,12,353,0x161,Oni Tactics,0.285,16,4,24,0,0x00000000,0x00000000
1761426989.338333,P2-C1,Ken the Eagle,224,37513,37289,P1-C1,Ryu,12,353,0x161,Oni Tactics,0.362,16,4,24,0,0x00000000,0x00000000
1761426989.389148,P2-C1,Ken the Eagle,224,37289,37065,P1-C1,Ryu,12,353,0x161,Oni Tactics,0.363,16,4,24,0,0x00000000,0x00000000
1761426989.439705,P2-C1,Ken the Eagle,224,37065,36841,P1-C1,Ryu,12,353,0x161,Oni Tactics,0.362,16,4,24,0,0x00000000,0x00000000
1761426989.474179,P2-C1,Ken the Eagle,224,36841,36617,P1-C1,Ryu,12,353,0x161,Oni Tactics,0.269,16,4,24,0,0x00000000,0x00000000
1761426989.524898,P2-C1,Ken the Eagle,224,36617,36393,P1-C1,Ryu,12,353,0x161,Oni Tactics,0.282,16,4,24,0,0x00000000,0x00000000
1761426989.576278,P2-C1,Ken the Eagle,224,36393,36169,P1-C1,Ryu,12,353,0x161,Oni Tactics,0.285,16,4,24,0,0x00000000,0x00000000
1761426989.627828,P2-C1,Ken the Eagle,224,36169,35945,P1-C1,Ryu,12,353,0x161,Oni Tactics,0.298,16,4,24,0,0x00000000,0x00000000
1761426989.678272,P2-C1,Ken the Eagle,224,35945,35721,P1-C1,Ryu,12,353,0x161,Oni Tactics,0.285,16,4,24,0,0x00000000,0x00000000
1761426989.729145,P2-C1,Ken the Eagle,224,35721,35497,P1-C1,Ryu,12,353,0x161,Oni Tactics,0.282,16,4,24,0,0x00000000,0x00000000
1761426990.086422,P2-C1,Ken the Eagle,224,35497,35273,P1-C1,Ryu,12,353,0x161,Oni Tactics,0.363,16,4,24,0,0x00000000,0x00000000
1761426990.120353,P2-C1,Ken the Eagle,224,35273,35049,P1-C1,Ryu,12,353,0x161,Oni Tactics,0.362,16,4,24,0,0x00000000,0x00000000
1761426990.154576,P2-C1,Ken the Eagle,224,35049,34825,P1-C1,Ryu,12,353,0x161,Oni Tactics,0.363,16,4,24,0,0x00000000,0x00000000
1761426990.188188,P2-C1,Ken the Eagle,224,34825,34601,P1-C1,Ryu,12,353,0x161,Oni Tactics,0.362,16,4,24,0,0x00000000,0x00000000
1761426990.221850,P2-C1,Ken the Eagle,224,34601,34377,P1-C1,Ryu,12,353,0x161,Oni Tactics,0.285,16,4,24,0,0x00000000,0x00000000
1761426990.255701,P2-C1,Ken the Eagle,224,34377,34153,P1-C1,Ryu,12,353,0x161,Oni Tactics,0.282,16,4,24,0,0x00000000,0x00000000
1761426990.289561,P2-C1,Ken the Eagle,224,34153,33929,P1-C1,Ryu,12,353,0x161,Oni Tactics,0.269,16,4,24,0,0x00000000,0x00000000
1761426990.340559,P2-C1,Ken the Eagle,224,33929,33705,P1-C1,Ryu,12,353,0x161,Oni Tactics,0.282,16,4,24,0,0x00000000,0x00000000
1761426990.391593,P2-C1,Ken the Eagle,224,33705,33481,P1-C1,Ryu,12,353,0x161,Oni Tactics,0.269,16,4,24,0,0x00000000,0x00000000
1761426990.443391,P2-C1,Ken the Eagle,224,33481,33257,P1-C1,Ryu,12,353,0x161,Oni Tactics,0.282,16,4,24,0,0x00000000,0x00000000
1761426990.817769,P2-C1,Ken the Eagle,224,33257,33033,P1-C1,Ryu,12,353,0x161,Oni Tactics,0.269,16,4,24,0,0x00000000,0x00000000
1761426994.429459,P2-C1,Ken the Eagle,224,33033,32809,P1-C1,Ryu,12,353,0x161,Oni Tactics,0.282,16,4,24,0,0x00000000,0x00000000
1761426995.420103,P2-C1,Ken the Eagle,224,32809,32585,P1-C1,Ryu,12,353,0x161,Oni Tactics,0.285,16,4,24,0,0x00000000,0x00000000
1761426996.700785,P2-C1,Ken the Eagle,224,32585,32361,P1-C1,Ryu,12,353,0x161,Oni Tactics,0.282,16,4,24,0,0x00000000,0x00000000
1761426997.997872,P2-C1,Ken the Eagle,224,32361,32137,P1-C1,Ryu,12,353,0x161,Oni Tactics,0.285,16,4,24,0,0x00000000,0x00000000
1761426998.578220,P2-C1,Ken the Eagle,224,32137,31913,P1-C1,Ryu,12,353,0x161,Oni Tactics,0.298,16,6,24,0,0x00000000,0x00000000
1761426999.072802,P2-C1,Ken the Eagle,224,31913,31689,P1-C1,Ryu,12,353,0x161,Oni Tactics,0.269,16,4,24,64,0x00000000,0x00000000
1761426999.944075,P2-C1,Ken the Eagle,224,31689,31465,P1-C1,Ryu,12,353,0x161,Oni Tactics,0.000,16,4,24,64,0x00000000,0x00000000
1761427047.213519,P2-C1,Ken the Eagle,5680,44000,38320,P1-C1,Ryu,12,512,0x200,Funny Face crusher,0.117,0,0,8,192,0x00000000,0x00000000
1761427053.286031,P2-C1,Ken the Eagle,4800,38320,33520,P1-C1,Ryu,12,512,0x200,Funny Face crusher,0.582,0,0,8,192,0x00000000,0x00000000
1761427065.199742,P2-C1,Ken the Eagle,6080,33520,27440,P1-C1,Ryu,12,512,0x200,Funny Face crusher,2.972,0,1,8,192,0x00080000,0x00000000
1761427109.000023,P2-C1,Ken the Eagle,2400,44000,41600,P1-C1,Ryu,12,264,0x108,3C,0.623,0,6,40,1,0x00004000,0x00000000
1761427111.273082,P2-C1,Ken the Eagle,2400,44000,41600,P1-C1,Ryu,12,264,0x108,3C,0.625,0,6,40,1,0x00004000,0x00000000
1761427145.076944,P2-C1,Ken the Eagle,2400,44000,41600,P1-C1,Ryu,12,264,0x108,3C,0.000,0,6,40,1,0x00004000,0x00000000
1761427206.534834,P2-C1,Ken the Eagle,1120,44000,42880,P1-C1,Ryu,12,270,0x10E,6M,0.000,0,6,40,1,0x00004000,0x00000000
1761427206.740108,P2-C1,Ken the Eagle,1064,42880,41816,P1-C1,Ryu,12,270,0x10E,6M,0.000,0,6,8,0,0x00004000,0x00000000
1761427216.057822,P2-C1,Ken the Eagle,1120,44000,42880,P1-C1,Ryu,12,270,0x10E,6M,0.000,0,6,40,1,0x00004000,0x00000000
1761427216.262800,P2-C1,Ken the Eagle,1064,42880,41816,P1-C1,Ryu,12,270,0x10E,6M,0.003,0,6,8,0,0x00004800,0x00000000
1761427228.122142,P2-C1,Ken the Eagle,2400,44000,41600,P1-C1,Ryu,12,261,0x105,2C,0.000,0,6,40,65,0x02004000,0x00000000
1761427228.584296,P2-C1,Ken the Eagle,2108,41600,39492,P1-C2,Chun-Li,13,430,0x1AE,assist standby,497.329,0,64,0,64,0x00000000,0x00000000
1761427229.864641,P2-C1,Ken the Eagle,2400,39492,37092,P1-C1,Ryu,12,261,0x105,2C,0.000,0,6,40,65,0x02004000,0x00000000
1761427232.341368,P2-C1,Ken the Eagle,1900,39092,37192,P1-C1,Ryu,12,261,0x105,2C,0.000,0,6,40,65,0x02004000,0x00000000
1761427232.801982,P2-C1,Ken the Eagle,2108,37192,35084,P1-C2,Chun-Li,13,430,0x1AE,assist standby,560.194,0,64,0,64,0x00000000,0x00000000
1761427233.416074,P2-C1,Ken the Eagle,987,35084,34097,P1-C2,Chun-Li,13,430,0x1AE,assist standby,3218.493,0,64,0,64,0x00000000,0x00000000
1761427233.586682,P2-C1,Ken the Eagle,947,34097,33150,P1-C2,Chun-Li,13,430,0x1AE,assist standby,4967.204,0,64,0,64,0x00000000,0x00000000
1761427237.825008,P2-C1,Ken the Eagle,2400,44000,41600,P1-C1,Ryu,12,261,0x105,2C,0.000,0,6,40,65,0x02004000,0x00000000
1761427238.285806,P2-C1,Ken the Eagle,2108,41600,39492,P1-C2,Chun-Li,13,430,0x1AE,assist standby,572.985,0,64,0,64,0x00000000,0x00000000
1761427238.987320,P2-C1,Ken the Eagle,978,39492,38514,P1-C2,Chun-Li,13,430,0x1AE,assist standby,2483.838,0,64,0,64,0x00000000,0x00000000
1761427239.137812,P2-C1,Ken the Eagle,938,38514,37576,P1-C2,Chun-Li,13,430,0x1AE,assist standby,4240.412,0,64,0,64,0x00000000,0x00000000
1761427240.076517,P2-C1,Ken the Eagle,2400,37576,35176,P1-C1,Ryu,12,261,0x105,2C,0.000,0,6,40,65,0x02004000,0x00000000
1761427249.761747,P2-C1,Ken the Eagle,2400,44000,41600,P1-C1,Ryu,12,261,0x105,2C,0.000,0,6,40,65,0x02004000,0x00000000
1761427250.223341,P2-C1,Ken the Eagle,2108,41600,39492,P1-C2,Chun-Li,13,430,0x1AE,assist standby,368.542,0,64,0,64,0x00000000,0x00000000
1761427253.115589,P2-C1,Ken the Eagle,2400,44000,41600,P1-C1,Ryu,12,261,0x105,2C,0.000,0,6,40,65,0x02004000,0x00000000
1761427253.579678,P2-C1,Ken the Eagle,2108,41600,39492,P1-C2,Chun-Li,13,430,0x1AE,assist standby,557.500,0,64,0,64,0x00000000,0x00000000
1761427254.160047,P2-C1,Ken the Eagle,913,39492,38579,P1-C2,Chun-Li,13,430,0x1AE,assist standby,2169.919,0,64,0,64,0x00000000,0x00000000
1761427257.065211,P2-C1,Ken the Eagle,2400,44000,41600,P1-C1,Ryu,12,261,0x105,2C,0.000,0,6,40,65,0x02004000,0x00000000
1761427257.525413,P2-C1,Ken the Eagle,2108,41600,39492,P1-C2,Chun-Li,13,430,0x1AE,assist standby,559.770,0,64,0,64,0x00000000,0x00000000
1761427258.158165,P2-C1,Ken the Eagle,910,39492,38582,P1-C2,Chun-Li,13,430,0x1AE,assist standby,2124.755,0,64,0,64,0x00000000,0x00000000
1761427260.038797,P2-C1,Ken the Eagle,2400,44000,41600,P1-C1,Ryu,12,261,0x105,2C,0.000,0,6,40,65,0x02004000,0x00000000
1761427260.500490,P2-C1,Ken the Eagle,2108,41600,39492,P1-C2,Chun-Li,13,430,0x1AE,assist standby,781.859,0,64,0,64,0x00000000,0x00000000
1761427260.995769,P2-C1,Ken the Eagle,908,39492,38584,P1-C2,Chun-Li,13,430,0x1AE,assist standby,192.791,0,64,0,64,0x00000000,0x00000000
1761427295.257091,P2-C1,Ken the Eagle,2400,44000,41600,P1-C1,Ryu,12,261,0x105,2C,0.000,0,6,40,65,0x02004000,0x00000000
1761427295.734798,P2-C1,Ken the Eagle,2108,41600,39492,P1-C2,Chun-Li,13,430,0x1AE,assist standby,666.174,0,64,0,64,0x00000000,0x00000000
1761427309.785684,P2-C1,Ken the Eagle,2400,44000,41600,P1-C1,Ryu,12,261,0x105,2C,0.000,0,6,40,65,0x02004000,0x00000000
1761427310.246630,P2-C1,Ken the Eagle,2108,41600,39492,P1-C2,Chun-Li,13,430,0x1AE,assist standby,427.714,0,64,0,64,0x00000000,0x00000000
1761427312.319812,P2-C1,Ken the Eagle,2400,44000,41600,P1-C1,Ryu,12,264,0x108,3C,0.000,0,6,40,1,0x00004000,0x00000000
1761427314.522002,P2-C1,Ken the Eagle,2400,44000,41600,P1-C1,Ryu,12,261,0x105,2C,0.000,0,6,40,65,0x02004000,0x00000000
1761427316.097389,P2-C1,Ken the Eagle,2400,41600,39200,P1-C1,Ryu,12,261,0x105,2C,0.000,0,6,40,65,0x02004000,0x00000000
1761427317.637844,P2-C1,Ken the Eagle,800,39200,38400,P1-C1,Ryu,12,256,0x100,5A,0.000,0,6,40,1,0x02004000,0x00000000
1761427317.877416,P2-C1,Ken the Eagle,1368,38400,37032,P1-C1,Ryu,12,257,0x101,5B,0.000,0,38,8,0,0x02004000,0x00000000
1761427318.166979,P2-C1,Ken the Eagle,1224,37032,35808,P1-C1,Ryu,12,260,0x104,2B,0.000,0,38,8,0,0x02004000,0x00000000
1761427318.577201,P2-C1,Ken the Eagle,2108,35808,33700,P1-C1,Ryu,12,258,0x102,5C,0.000,0,38,8,0,0x02004000,0x00000000
1761427319.037236,P2-C1,Ken the Eagle,1727,33700,31973,P1-C1,Ryu,12,262,0x106,6C,0.000,0,38,8,0,0x00004000,0x00000000
1761427320.036651,P2-C1,Ken the Eagle,800,31973,31173,P1-C1,Ryu,12,256,0x100,5A,0.000,0,6,8,0,0x02004000,0x00000000
1761427320.257753,P2-C1,Ken the Eagle,1368,31173,29805,P1-C1,Ryu,12,257,0x101,5B,0.000,0,38,8,0,0x02004000,0x00000000
1761427320.565459,P2-C1,Ken the Eagle,1224,29805,28581,P1-C1,Ryu,12,260,0x104,2B,0.000,0,38,8,0,0x02004000,0x00000000
1761427321.559790,P2-C1,Ken the Eagle,1360,28581,27221,P1-C1,Ryu,12,260,0x104,2B,0.000,0,6,40,1,0x02004000,0x00000000
1761427322.606523,P2-C1,Ken the Eagle,1360,27221,25861,P1-C1,Ryu,12,260,0x104,2B,0.000,0,6,40,1,0x02004000,0x00000000
1761427324.688201,P1-C1,Ryu,500,43700,43200,P2-C1,Ken the Eagle,1,1,0x1,idle,0.000,160,1,160,1,0x00000000,0x00000000
1761427344.120378,P2-C1,Ken the Eagle,1000,44000,43000,P1-C1,Ryu,12,1,0x1,idle,0.000,160,1,40,65,0x00000000,0x00000000
1761427344.325206,P2-C1,Ken the Eagle,1019,43000,41981,P1-C2,Chun-Li,13,426,0x1AA,assist attack,8238.859,0,70,0,64,0x00000000,0x00000000
1761427344.582024,P2-C1,Ken the Eagle,985,41981,40996,P1-C2,Chun-Li,13,426,0x1AA,assist attack,10679.543,0,70,0,64,0x00000000,0x00000000
1761427356.757672,P2-C1,Ken the Eagle,1000,44000,43000,P1-C1,Ryu,12,1,0x1,idle,0.000,160,1,40,65,0x00000000,0x00000000
1761427358.345505,P2-C1,Ken the Eagle,1019,43000,41981,P1-C2,Chun-Li,13,426,0x1AA,assist attack,8238.859,0,70,0,64,0x00000000,0x00000000
1761427359.827737,P2-C1,Ken the Eagle,985,41981,40996,P1-C2,Chun-Li,13,426,0x1AA,assist attack,10679.543,0,70,0,64,0x00000000,0x00000000
1761427372.845857,P2-C1,Ken the Eagle,3600,44000,40400,P1-C1,Ryu,12,312,0x138,DP C,0.000,0,6,40,65,0x00000000,0x00000000
1761427377.059437,P2-C1,Ken the Eagle,2436,40400,37964,P1-C2,Chun-Li,13,430,0x1AE,assist standby,3739.198,0,64,8,64,0x00000000,0x00000000
1761427402.328878,P2-C1,Ken the Eagle,1440,44000,42560,P1-C1,Ryu,12,257,0x101,5B,0.000,0,6,40,1,0x02004000,0x00000000
1761427611.421388,P1-C2,Chun-Li,4600,46000,41400,P2-C2,Jun the Swan,8,430,0x1AE,assist standby,19.857,0,64,0,192,0x00000000,0x00000000
1761427689.170551,P1-C1,Ryu,4800,48000,43200,P2-C2,Jun the Swan,8,430,0x1AE,assist standby,19.860,0,64,0,192,0x00000000,0x00000000
1761427693.189573,P1-C2,Chun-Li,4600,46000,41400,P2-C2,Jun the Swan,8,430,0x1AE,assist standby,40.828,0,64,0,192,0x00000000,0x00000000
1761427700.563416,P1-C1,Ryu,4800,48000,43200,P2-C2,Jun the Swan,8,430,0x1AE,assist standby,19.860,0,64,0,192,0x00000000,0x00000000
1761427727.968343,P1-C2,Chun-Li,4600,46000,41400,P2-C2,Jun the Swan,8,430,0x1AE,assist standby,48.770,0,64,0,192,0x00000000,0x00000000
1761427732.439005,P1-C1,Ryu,4800,48000,43200,P2-C2,Jun the Swan,8,430,0x1AE,assist standby,11.791,0,64,0,192,0x00000000,0x00000000
