addr_hex,addr_int
0x90906ee4,2425384676
0x9090c1fc,2425405948
0x9090c5d0,2425406928
0x9090d278,2425410168
0x9090d4b0,2425410736
0x9090d870,2425411696
0x9090e518,2425414936
0x9090e740,2425415488
0x9090e978,2425416056
0x90913074,2425434228
0x909133e8,2425435112
0x9091375c,2425435996
0x9096cb24,2425801508
0x9096d53c,2425804092
0x9096e3ec,2425807852
0x90976674,2425841268
0x90976f94,2425843604
0x909771f8,2425844216
0x90977d58,2425847128
0x90977fcc,2425847756
0x90981500,2425885952
0x90985024,2425901092
0x909c3608,2426156552
0x909ca800,2426185728
0x909cb9a4,2426190244
0x909ccdd4,2426195412
0x909da1ac,2426249644
