t_epoch,time,base_hex,ofsA_hex,ofsB_hex,hpofs_hex,addrA,addrB,addrHP,A,B,HP,d_raw,d_signed,delta_applied,poke_target
1761930548.166738,13:09:08,0x9246B9E0,0xB,0xF,0xE,0x9246B9EB,0x9246B9EF,0x9246B9EE,49152,32768,48000,16384,16384,,
1761930548.217371,13:09:08,0x9246B9E0,0xB,0xF,0xE,0x9246B9EB,0x9246B9EF,0x9246B9EE,49152,32768,48000,16384,16384,,
1761930548.267648,13:09:08,0x9246B9E0,0xB,0xF,0xE,0x9246B9EB,0x9246B9EF,0x9246B9EE,49152,32768,48000,16384,16384,,
1761930548.317976,13:09:08,0x9246B9E0,0xB,0xF,0xE,0x9246B9EB,0x9246B9EF,0x9246B9EE,49152,32768,48000,16384,16384,,
1761930548.368236,13:09:08,0x9246B9E0,0xB,0xF,0xE,0x9246B9EB,0x9246B9EF,0x9246B9EE,49152,32768,48000,16384,16384,,
1761930548.418646,13:09:08,0x9246B9E0,0xB,0xF,0xE,0x9246B9EB,0x9246B9EF,0x9246B9EE,49152,32768,48000,16384,16384,,
1761930548.469278,13:09:08,0x9246B9E0,0xB,0xF,0xE,0x9246B9EB,0x9246B9EF,0x9246B9EE,49152,32768,48000,16384,16384,,
1761930548.519861,13:09:08,0x9246B9E0,0xB,0xF,0xE,0x9246B9EB,0x9246B9EF,0x9246B9EE,49152,32768,48000,16384,16384,,
1761930548.570278,13:09:08,0x9246B9E0,0xB,0xF,0xE,0x9246B9EB,0x9246B9EF,0x9246B9EE,49152,32768,48000,16384,16384,,
1761930548.621057,13:09:08,0x9246B9E0,0xB,0xF,0xE,0x9246B9EB,0x9246B9EF,0x9246B9EE,49152,32768,48000,16384,16384,,
1761930548.671565,13:09:08,0x9246B9E0,0xB,0xF,0xE,0x9246B9EB,0x9246B9EF,0x9246B9EE,49152,32768,48000,16384,16384,,
1761930548.721838,13:09:08,0x9246B9E0,0xB,0xF,0xE,0x9246B9EB,0x9246B9EF,0x9246B9EE,49152,32768,48000,16384,16384,,
1761930548.771944,13:09:08,0x9246B9E0,0xB,0xF,0xE,0x9246B9EB,0x9246B9EF,0x9246B9EE,49152,32768,48000,16384,16384,,
1761930548.822195,13:09:08,0x9246B9E0,0xB,0xF,0xE,0x9246B9EB,0x9246B9EF,0x9246B9EE,49152,32768,48000,16384,16384,,
1761930548.872468,13:09:08,0x9246B9E0,0xB,0xF,0xE,0x9246B9EB,0x9246B9EF,0x9246B9EE,49152,32768,48000,16384,16384,,
1761930548.923413,13:09:08,0x9246B9E0,0xB,0xF,0xE,0x9246B9EB,0x9246B9EF,0x9246B9EE,49152,32768,48000,16384,16384,,
1761930548.973505,13:09:08,0x9246B9E0,0xB,0xF,0xE,0x9246B9EB,0x9246B9EF,0x9246B9EE,49152,32768,48000,16384,16384,,
1761930549.023632,13:09:09,0x9246B9E0,0xB,0xF,0xE,0x9246B9EB,0x9246B9EF,0x9246B9EE,49152,32768,48000,16384,16384,,
1761930549.074273,13:09:09,0x9246B9E0,0xB,0xF,0xE,0x9246B9EB,0x9246B9EF,0x9246B9EE,49152,32768,48000,16384,16384,,
1761930549.124398,13:09:09,0x9246B9E0,0xB,0xF,0xE,0x9246B9EB,0x9246B9EF,0x9246B9EE,49152,32768,48000,16384,16384,,
1761930549.174691,13:09:09,0x9246B9E0,0xB,0xF,0xE,0x9246B9EB,0x9246B9EF,0x9246B9EE,49152,32768,48000,16384,16384,,
1761930549.225360,13:09:09,0x9246B9E0,0xB,0xF,0xE,0x9246B9EB,0x9246B9EF,0x9246B9EE,49152,32768,48000,16384,16384,,
1761930549.275565,13:09:09,0x9246B9E0,0xB,0xF,0xE,0x9246B9EB,0x9246B9EF,0x9246B9EE,49152,32768,48000,16384,16384,,
1761930549.326387,13:09:09,0x9246B9E0,0xB,0xF,0xE,0x9246B9EB,0x9246B9EF,0x9246B9EE,49152,32768,48000,16384,16384,,
1761930549.376770,13:09:09,0x9246B9E0,0xB,0xF,0xE,0x9246B9EB,0x9246B9EF,0x9246B9EE,49152,32768,48000,16384,16384,,
1761930549.426924,13:09:09,0x9246B9E0,0xB,0xF,0xE,0x9246B9EB,0x9246B9EF,0x9246B9EE,49152,32768,48000,16384,16384,,
1761930549.477345,13:09:09,0x9246B9E0,0xB,0xF,0xE,0x9246B9EB,0x9246B9EF,0x9246B9EE,49152,32768,48000,16384,16384,,
1761930549.527405,13:09:09,0x9246B9E0,0xB,0xF,0xE,0x9246B9EB,0x9246B9EF,0x9246B9EE,49152,32768,48000,16384,16384,,
1761930549.577960,13:09:09,0x9246B9E0,0xB,0xF,0xE,0x9246B9EB,0x9246B9EF,0x9246B9EE,49152,32768,48000,16384,16384,,
1761930549.628042,13:09:09,0x9246B9E0,0xB,0xF,0xE,0x9246B9EB,0x9246B9EF,0x9246B9EE,49152,32768,48000,16384,16384,,
1761930549.678576,13:09:09,0x9246B9E0,0xB,0xF,0xE,0x9246B9EB,0x9246B9EF,0x9246B9EE,49152,32768,48000,16384,16384,,
1761930549.729028,13:09:09,0x9246B9E0,0xB,0xF,0xE,0x9246B9EB,0x9246B9EF,0x9246B9EE,49152,32768,48000,16384,16384,,
1761930549.779456,13:09:09,0x9246B9E0,0xB,0xF,0xE,0x9246B9EB,0x9246B9EF,0x9246B9EE,49152,32768,48000,16384,16384,,
1761930549.830035,13:09:09,0x9246B9E0,0xB,0xF,0xE,0x9246B9EB,0x9246B9EF,0x9246B9EE,49152,32768,48000,16384,16384,,
1761930549.880538,13:09:09,0x9246B9E0,0xB,0xF,0xE,0x9246B9EB,0x9246B9EF,0x9246B9EE,49152,32768,48000,16384,16384,,
1761930549.930812,13:09:09,0x9246B9E0,0xB,0xF,0xE,0x9246B9EB,0x9246B9EF,0x9246B9EE,49152,32768,48000,16384,16384,,
1761930549.981321,13:09:09,0x9246B9E0,0xB,0xF,0xE,0x9246B9EB,0x9246B9EF,0x9246B9EE,49152,32768,48000,16384,16384,,
1761930550.031582,13:09:10,0x9246B9E0,0xB,0xF,0xE,0x9246B9EB,0x9246B9EF,0x9246B9EE,49152,32768,48000,16384,16384,,
1761930550.082203,13:09:10,0x9246B9E0,0xB,0xF,0xE,0x9246B9EB,0x9246B9EF,0x9246B9EE,49152,32768,48000,16384,16384,,
1761930550.132570,13:09:10,0x9246B9E0,0xB,0xF,0xE,0x9246B9EB,0x9246B9EF,0x9246B9EE,49152,32768,48000,16384,16384,,
1761930550.183059,13:09:10,0x9246B9E0,0xB,0xF,0xE,0x9246B9EB,0x9246B9EF,0x9246B9EE,49152,32768,48000,16384,16384,,
1761930550.233204,13:09:10,0x9246B9E0,0xB,0xF,0xE,0x9246B9EB,0x9246B9EF,0x9246B9EE,49152,32768,48000,16384,16384,,
1761930550.283706,13:09:10,0x9246B9E0,0xB,0xF,0xE,0x9246B9EB,0x9246B9EF,0x9246B9EE,49152,32768,48000,16384,16384,,
1761930550.334254,13:09:10,0x9246B9E0,0xB,0xF,0xE,0x9246B9EB,0x9246B9EF,0x9246B9EE,49152,32768,48000,16384,16384,,
1761930550.384427,13:09:10,0x9246B9E0,0xB,0xF,0xE,0x9246B9EB,0x9246B9EF,0x9246B9EE,49152,32768,48000,16384,16384,,
1761930550.434751,13:09:10,0x9246B9E0,0xB,0xF,0xE,0x9246B9EB,0x9246B9EF,0x9246B9EE,49152,32768,48000,16384,16384,,
1761930550.485463,13:09:10,0x9246B9E0,0xB,0xF,0xE,0x9246B9EB,0x9246B9EF,0x9246B9EE,49152,32768,48000,16384,16384,,
1761930550.535666,13:09:10,0x9246B9E0,0xB,0xF,0xE,0x9246B9EB,0x9246B9EF,0x9246B9EE,49152,32768,48000,16384,16384,,
1761930550.586269,13:09:10,0x9246B9E0,0xB,0xF,0xE,0x9246B9EB,0x9246B9EF,0x9246B9EE,49152,32768,48000,16384,16384,,
1761930550.636617,13:09:10,0x9246B9E0,0xB,0xF,0xE,0x9246B9EB,0x9246B9EF,0x9246B9EE,49152,32768,48000,16384,16384,,
1761930550.687235,13:09:10,0x9246B9E0,0xB,0xF,0xE,0x9246B9EB,0x9246B9EF,0x9246B9EE,49152,32768,48000,16384,16384,,
1761930550.737496,13:09:10,0x9246B9E0,0xB,0xF,0xE,0x9246B9EB,0x9246B9EF,0x9246B9EE,49152,32768,48000,16384,16384,,
1761930550.788009,13:09:10,0x9246B9E0,0xB,0xF,0xE,0x9246B9EB,0x9246B9EF,0x9246B9EE,49152,32768,48000,16384,16384,,
1761930550.838323,13:09:10,0x9246B9E0,0xB,0xF,0xE,0x9246B9EB,0x9246B9EF,0x9246B9EE,49152,32768,48000,16384,16384,,
1761930550.888613,13:09:10,0x9246B9E0,0xB,0xF,0xE,0x9246B9EB,0x9246B9EF,0x9246B9EE,49152,32768,48000,16384,16384,,
1761930550.938878,13:09:10,0x9246B9E0,0xB,0xF,0xE,0x9246B9EB,0x9246B9EF,0x9246B9EE,49152,32768,48000,16384,16384,,
1761930550.989441,13:09:10,0x9246B9E0,0xB,0xF,0xE,0x9246B9EB,0x9246B9EF,0x9246B9EE,49152,32768,48000,16384,16384,,
1761930551.039924,13:09:11,0x9246B9E0,0xB,0xF,0xE,0x9246B9EB,0x9246B9EF,0x9246B9EE,49152,32768,48000,16384,16384,,
1761930551.090261,13:09:11,0x9246B9E0,0xB,0xF,0xE,0x9246B9EB,0x9246B9EF,0x9246B9EE,49152,49152,43200,0,0,,
1761930551.140460,13:09:11,0x9246B9E0,0xB,0xF,0xE,0x9246B9EB,0x9246B9EF,0x9246B9EE,49152,46080,43700,3072,3072,,
1761930551.190735,13:09:11,0x9246B9E0,0xB,0xF,0xE,0x9246B9EB,0x9246B9EF,0x9246B9EE,49152,46080,43700,3072,3072,,
1761930551.240997,13:09:11,0x9246B9E0,0xB,0xF,0xE,0x9246B9EB,0x9246B9EF,0x9246B9EE,49152,46080,43700,3072,3072,,
1761930551.291206,13:09:11,0x9246B9E0,0xB,0xF,0xE,0x9246B9EB,0x9246B9EF,0x9246B9EE,49152,46080,43700,3072,3072,,
1761930551.341592,13:09:11,0x9246B9E0,0xB,0xF,0xE,0x9246B9EB,0x9246B9EF,0x9246B9EE,49152,46080,43700,3072,3072,,
1761930551.391939,13:09:11,0x9246B9E0,0xB,0xF,0xE,0x9246B9EB,0x9246B9EF,0x9246B9EE,49152,46080,43700,3072,3072,,
1761930551.442355,13:09:11,0x9246B9E0,0xB,0xF,0xE,0x9246B9EB,0x9246B9EF,0x9246B9EE,49152,46080,43700,3072,3072,,
1761930551.492940,13:09:11,0x9246B9E0,0xB,0xF,0xE,0x9246B9EB,0x9246B9EF,0x9246B9EE,49152,46080,43700,3072,3072,,
1761930551.543367,13:09:11,0x9246B9E0,0xB,0xF,0xE,0x9246B9EB,0x9246B9EF,0x9246B9EE,49152,46080,43700,3072,3072,,
1761930551.593756,13:09:11,0x9246B9E0,0xB,0xF,0xE,0x9246B9EB,0x9246B9EF,0x9246B9EE,49152,46080,43700,3072,3072,,
1761930551.644043,13:09:11,0x9246B9E0,0xB,0xF,0xE,0x9246B9EB,0x9246B9EF,0x9246B9EE,49152,46080,43700,3072,3072,,
1761930551.694496,13:09:11,0x9246B9E0,0xB,0xF,0xE,0x9246B9EB,0x9246B9EF,0x9246B9EE,49152,46080,43700,3072,3072,,
1761930551.744684,13:09:11,0x9246B9E0,0xB,0xF,0xE,0x9246B9EB,0x9246B9EF,0x9246B9EE,49152,46080,43700,3072,3072,,
1761930551.795261,13:09:11,0x9246B9E0,0xB,0xF,0xE,0x9246B9EB,0x9246B9EF,0x9246B9EE,49152,46080,43700,3072,3072,,
1761930551.845612,13:09:11,0x9246B9E0,0xB,0xF,0xE,0x9246B9EB,0x9246B9EF,0x9246B9EE,49152,46080,43700,3072,3072,,
1761930551.896017,13:09:11,0x9246B9E0,0xB,0xF,0xE,0x9246B9EB,0x9246B9EF,0x9246B9EE,49152,46080,43700,3072,3072,,
1761930551.946162,13:09:11,0x9246B9E0,0xB,0xF,0xE,0x9246B9EB,0x9246B9EF,0x9246B9EE,49152,46080,43700,3072,3072,,
1761930551.996263,13:09:11,0x9246B9E0,0xB,0xF,0xE,0x9246B9EB,0x9246B9EF,0x9246B9EE,49152,46080,43700,3072,3072,,
1761930552.046448,13:09:12,0x9246B9E0,0xB,0xF,0xE,0x9246B9EB,0x9246B9EF,0x9246B9EE,49152,46080,43700,3072,3072,,
1761930552.097076,13:09:12,0x9246B9E0,0xB,0xF,0xE,0x9246B9EB,0x9246B9EF,0x9246B9EE,49152,46080,43700,3072,3072,,
1761930552.147563,13:09:12,0x9246B9E0,0xB,0xF,0xE,0x9246B9EB,0x9246B9EF,0x9246B9EE,49152,46080,43700,3072,3072,,
1761930552.198109,13:09:12,0x9246B9E0,0xB,0xF,0xE,0x9246B9EB,0x9246B9EF,0x9246B9EE,49152,46080,43700,3072,3072,,
1761930552.249073,13:09:12,0x9246B9E0,0xB,0xF,0xE,0x9246B9EB,0x9246B9EF,0x9246B9EE,49152,32768,48000,16384,16384,,
1761930552.299412,13:09:12,0x9246B9E0,0xB,0xF,0xE,0x9246B9EB,0x9246B9EF,0x9246B9EE,49152,32768,48000,16384,16384,,
1761930552.349638,13:09:12,0x9246B9E0,0xB,0xF,0xE,0x9246B9EB,0x9246B9EF,0x9246B9EE,49152,32768,48000,16384,16384,,
1761930552.400391,13:09:12,0x9246B9E0,0xB,0xF,0xE,0x9246B9EB,0x9246B9EF,0x9246B9EE,49152,32768,48000,16384,16384,,
1761930552.451141,13:09:12,0x9246B9E0,0xB,0xF,0xE,0x9246B9EB,0x9246B9EF,0x9246B9EE,49152,32768,48000,16384,16384,,
1761930552.501672,13:09:12,0x9246B9E0,0xB,0xF,0xE,0x9246B9EB,0x9246B9EF,0x9246B9EE,49152,32768,48000,16384,16384,,
1761930552.552276,13:09:12,0x9246B9E0,0xB,0xF,0xE,0x9246B9EB,0x9246B9EF,0x9246B9EE,49152,32768,48000,16384,16384,,
1761930552.602595,13:09:12,0x9246B9E0,0xB,0xF,0xE,0x9246B9EB,0x9246B9EF,0x9246B9EE,49152,32768,48000,16384,16384,,
1761930552.653004,13:09:12,0x9246B9E0,0xB,0xF,0xE,0x9246B9EB,0x9246B9EF,0x9246B9EE,49152,32768,48000,16384,16384,,
1761930552.703566,13:09:12,0x9246B9E0,0xB,0xF,0xE,0x9246B9EB,0x9246B9EF,0x9246B9EE,49152,32768,48000,16384,16384,,
1761930552.754200,13:09:12,0x9246B9E0,0xB,0xF,0xE,0x9246B9EB,0x9246B9EF,0x9246B9EE,49152,32768,48000,16384,16384,,
1761930552.804789,13:09:12,0x9246B9E0,0xB,0xF,0xE,0x9246B9EB,0x9246B9EF,0x9246B9EE,49152,32768,48000,16384,16384,,
1761930552.855282,13:09:12,0x9246B9E0,0xB,0xF,0xE,0x9246B9EB,0x9246B9EF,0x9246B9EE,49152,32768,48000,16384,16384,,
1761930552.906011,13:09:12,0x9246B9E0,0xB,0xF,0xE,0x9246B9EB,0x9246B9EF,0x9246B9EE,49152,32768,48000,16384,16384,,
1761930552.956311,13:09:12,0x9246B9E0,0xB,0xF,0xE,0x9246B9EB,0x9246B9EF,0x9246B9EE,49152,32768,48000,16384,16384,,
1761930553.006494,13:09:13,0x9246B9E0,0xB,0xF,0xE,0x9246B9EB,0x9246B9EF,0x9246B9EE,49152,32768,48000,16384,16384,,
1761930553.057062,13:09:13,0x9246B9E0,0xB,0xF,0xE,0x9246B9EB,0x9246B9EF,0x9246B9EE,49152,32768,48000,16384,16384,,
1761930553.107545,13:09:13,0x9246B9E0,0xB,0xF,0xE,0x9246B9EB,0x9246B9EF,0x9246B9EE,49152,32768,48000,16384,16384,,
1761930553.157879,13:09:13,0x9246B9E0,0xB,0xF,0xE,0x9246B9EB,0x9246B9EF,0x9246B9EE,49152,32768,48000,16384,16384,,
1761930553.208392,13:09:13,0x9246B9E0,0xB,0xF,0xE,0x9246B9EB,0x9246B9EF,0x9246B9EE,49152,32768,48000,16384,16384,,
1761930553.258944,13:09:13,0x9246B9E0,0xB,0xF,0xE,0x9246B9EB,0x9246B9EF,0x9246B9EE,49152,46080,43700,3072,3072,,
1761930553.309596,13:09:13,0x9246B9E0,0xB,0xF,0xE,0x9246B9EB,0x9246B9EF,0x9246B9EE,49152,46080,43700,3072,3072,,
1761930553.360193,13:09:13,0x9246B9E0,0xB,0xF,0xE,0x9246B9EB,0x9246B9EF,0x9246B9EE,49152,46080,43700,3072,3072,,
1761930553.410530,13:09:13,0x9246B9E0,0xB,0xF,0xE,0x9246B9EB,0x9246B9EF,0x9246B9EE,49152,46080,43700,3072,3072,,
1761930553.461176,13:09:13,0x9246B9E0,0xB,0xF,0xE,0x9246B9EB,0x9246B9EF,0x9246B9EE,49152,46080,43700,3072,3072,,
1761930553.511545,13:09:13,0x9246B9E0,0xB,0xF,0xE,0x9246B9EB,0x9246B9EF,0x9246B9EE,49152,46080,43700,3072,3072,,
1761930553.562086,13:09:13,0x9246B9E0,0xB,0xF,0xE,0x9246B9EB,0x9246B9EF,0x9246B9EE,49152,46080,43700,3072,3072,,
1761930553.612632,13:09:13,0x9246B9E0,0xB,0xF,0xE,0x9246B9EB,0x9246B9EF,0x9246B9EE,49152,46080,43700,3072,3072,,
1761930553.662899,13:09:13,0x9246B9E0,0xB,0xF,0xE,0x9246B9EB,0x9246B9EF,0x9246B9EE,49152,46080,43700,3072,3072,,
1761930553.713097,13:09:13,0x9246B9E0,0xB,0xF,0xE,0x9246B9EB,0x9246B9EF,0x9246B9EE,49152,46080,43700,3072,3072,,
1761930553.763330,13:09:13,0x9246B9E0,0xB,0xF,0xE,0x9246B9EB,0x9246B9EF,0x9246B9EE,49152,46080,43700,3072,3072,,
1761930553.813596,13:09:13,0x9246B9E0,0xB,0xF,0xE,0x9246B9EB,0x9246B9EF,0x9246B9EE,49152,46080,43700,3072,3072,,
1761930553.864173,13:09:13,0x9246B9E0,0xB,0xF,0xE,0x9246B9EB,0x9246B9EF,0x9246B9EE,49152,46080,43700,3072,3072,,
1761930553.914587,13:09:13,0x9246B9E0,0xB,0xF,0xE,0x9246B9EB,0x9246B9EF,0x9246B9EE,49152,46080,43700,3072,3072,,
1761930553.965213,13:09:13,0x9246B9E0,0xB,0xF,0xE,0x9246B9EB,0x9246B9EF,0x9246B9EE,49152,32768,48000,16384,16384,,
1761930554.015842,13:09:14,0x9246B9E0,0xB,0xF,0xE,0x9246B9EB,0x9246B9EF,0x9246B9EE,49152,32768,48000,16384,16384,,
1761930554.066516,13:09:14,0x9246B9E0,0xB,0xF,0xE,0x9246B9EB,0x9246B9EF,0x9246B9EE,49152,32768,48000,16384,16384,,
1761930554.116698,13:09:14,0x9246B9E0,0xB,0xF,0xE,0x9246B9EB,0x9246B9EF,0x9246B9EE,49152,32768,48000,16384,16384,,
1761930554.166922,13:09:14,0x9246B9E0,0xB,0xF,0xE,0x9246B9EB,0x9246B9EF,0x9246B9EE,49152,49152,43200,0,0,,
1761930554.217442,13:09:14,0x9246B9E0,0xB,0xF,0xE,0x9246B9EB,0x9246B9EF,0x9246B9EE,49152,49152,43200,0,0,,
1761930554.267847,13:09:14,0x9246B9E0,0xB,0xF,0xE,0x9246B9EB,0x9246B9EF,0x9246B9EE,49152,49152,43200,0,0,,
1761930554.318352,13:09:14,0x9246B9E0,0xB,0xF,0xE,0x9246B9EB,0x9246B9EF,0x9246B9EE,49152,49152,43200,0,0,,
1761930554.368485,13:09:14,0x9246B9E0,0xB,0xF,0xE,0x9246B9EB,0x9246B9EF,0x9246B9EE,49152,49152,43200,0,0,,
1761930554.418541,13:09:14,0x9246B9E0,0xB,0xF,0xE,0x9246B9EB,0x9246B9EF,0x9246B9EE,49152,49152,43200,0,0,,
1761930554.469272,13:09:14,0x9246B9E0,0xB,0xF,0xE,0x9246B9EB,0x9246B9EF,0x9246B9EE,49152,49152,43200,0,0,,
1761930554.520483,13:09:14,0x9246B9E0,0xB,0xF,0xE,0x9246B9EB,0x9246B9EF,0x9246B9EE,49152,49152,43200,0,0,,
1761930554.570861,13:09:14,0x9246B9E0,0xB,0xF,0xE,0x9246B9EB,0x9246B9EF,0x9246B9EE,49152,49152,43200,0,0,,
1761930554.621036,13:09:14,0x9246B9E0,0xB,0xF,0xE,0x9246B9EB,0x9246B9EF,0x9246B9EE,49152,49152,43200,0,0,,
1761930554.671366,13:09:14,0x9246B9E0,0xB,0xF,0xE,0x9246B9EB,0x9246B9EF,0x9246B9EE,49152,49152,43200,0,0,,
1761930554.721874,13:09:14,0x9246B9E0,0xB,0xF,0xE,0x9246B9EB,0x9246B9EF,0x9246B9EE,49152,49152,43200,0,0,,
1761930554.772382,13:09:14,0x9246B9E0,0xB,0xF,0xE,0x9246B9EB,0x9246B9EF,0x9246B9EE,49152,49152,43200,0,0,,
1761930554.822708,13:09:14,0x9246B9E0,0xB,0xF,0xE,0x9246B9EB,0x9246B9EF,0x9246B9EE,49152,49152,43200,0,0,,
1761930554.873414,13:09:14,0x9246B9E0,0xB,0xF,0xE,0x9246B9EB,0x9246B9EF,0x9246B9EE,49152,32768,48000,16384,16384,,
1761930554.923892,13:09:14,0x9246B9E0,0xB,0xF,0xE,0x9246B9EB,0x9246B9EF,0x9246B9EE,49152,32768,48000,16384,16384,,
1761930554.974484,13:09:14,0x9246B9E0,0xB,0xF,0xE,0x9246B9EB,0x9246B9EF,0x9246B9EE,49152,32768,48000,16384,16384,,
1761930555.024871,13:09:15,0x9246B9E0,0xB,0xF,0xE,0x9246B9EB,0x9246B9EF,0x9246B9EE,49152,32768,48000,16384,16384,,
1761930555.075090,13:09:15,0x9246B9E0,0xB,0xF,0xE,0x9246B9EB,0x9246B9EF,0x9246B9EE,49152,49152,43200,0,0,,
1761930555.125793,13:09:15,0x9246B9E0,0xB,0xF,0xE,0x9246B9EB,0x9246B9EF,0x9246B9EE,49152,49152,43200,0,0,,
1761930555.175927,13:09:15,0x9246B9E0,0xB,0xF,0xE,0x9246B9EB,0x9246B9EF,0x9246B9EE,49152,49152,43200,0,0,,
1761930555.226210,13:09:15,0x9246B9E0,0xB,0xF,0xE,0x9246B9EB,0x9246B9EF,0x9246B9EE,49152,49152,43200,0,0,,
1761930555.276912,13:09:15,0x9246B9E0,0xB,0xF,0xE,0x9246B9EB,0x9246B9EF,0x9246B9EE,49152,49152,43200,0,0,,
1761930555.327105,13:09:15,0x9246B9E0,0xB,0xF,0xE,0x9246B9EB,0x9246B9EF,0x9246B9EE,49152,49152,43200,0,0,,
1761930555.377502,13:09:15,0x9246B9E0,0xB,0xF,0xE,0x9246B9EB,0x9246B9EF,0x9246B9EE,49152,49152,43200,0,0,,
1761930555.427725,13:09:15,0x9246B9E0,0xB,0xF,0xE,0x9246B9EB,0x9246B9EF,0x9246B9EE,49152,49152,43200,0,0,,
1761930555.478270,13:09:15,0x9246B9E0,0xB,0xF,0xE,0x9246B9EB,0x9246B9EF,0x9246B9EE,49152,49152,43200,0,0,,
1761930555.528890,13:09:15,0x9246B9E0,0xB,0xF,0xE,0x9246B9EB,0x9246B9EF,0x9246B9EE,49152,49152,43200,0,0,,
1761930555.579238,13:09:15,0x9246B9E0,0xB,0xF,0xE,0x9246B9EB,0x9246B9EF,0x9246B9EE,49152,49152,43200,0,0,,
1761930555.629611,13:09:15,0x9246B9E0,0xB,0xF,0xE,0x9246B9EB,0x9246B9EF,0x9246B9EE,49152,49152,43200,0,0,,
1761930555.680324,13:09:15,0x9246B9E0,0xB,0xF,0xE,0x9246B9EB,0x9246B9EF,0x9246B9EE,49152,49152,43200,0,0,,
1761930555.730742,13:09:15,0x9246B9E0,0xB,0xF,0xE,0x9246B9EB,0x9246B9EF,0x9246B9EE,49152,49152,43200,0,0,,
1761930555.781006,13:09:15,0x9246B9E0,0xB,0xF,0xE,0x9246B9EB,0x9246B9EF,0x9246B9EE,49152,32768,48000,16384,16384,,
1761930555.831439,13:09:15,0x9246B9E0,0xB,0xF,0xE,0x9246B9EB,0x9246B9EF,0x9246B9EE,49152,32768,48000,16384,16384,,
1761930555.881649,13:09:15,0x9246B9E0,0xB,0xF,0xE,0x9246B9EB,0x9246B9EF,0x9246B9EE,49152,32768,48000,16384,16384,,
1761930555.932037,13:09:15,0x9246B9E0,0xB,0xF,0xE,0x9246B9EB,0x9246B9EF,0x9246B9EE,49152,49152,43200,0,0,,
1761930555.982416,13:09:15,0x9246B9E0,0xB,0xF,0xE,0x9246B9EB,0x9246B9EF,0x9246B9EE,49152,49152,43200,0,0,,
1761930556.032766,13:09:16,0x9246B9E0,0xB,0xF,0xE,0x9246B9EB,0x9246B9EF,0x9246B9EE,49152,49152,43200,0,0,,
1761930556.083276,13:09:16,0x9246B9E0,0xB,0xF,0xE,0x9246B9EB,0x9246B9EF,0x9246B9EE,49152,49152,43200,0,0,,
1761930556.133408,13:09:16,0x9246B9E0,0xB,0xF,0xE,0x9246B9EB,0x9246B9EF,0x9246B9EE,49152,49152,43200,0,0,,
1761930556.184031,13:09:16,0x9246B9E0,0xB,0xF,0xE,0x9246B9EB,0x9246B9EF,0x9246B9EE,49152,49152,43200,0,0,,
1761930556.234278,13:09:16,0x9246B9E0,0xB,0xF,0xE,0x9246B9EB,0x9246B9EF,0x9246B9EE,49152,49152,43200,0,0,,
1761930556.284677,13:09:16,0x9246B9E0,0xB,0xF,0xE,0x9246B9EB,0x9246B9EF,0x9246B9EE,49152,49152,43200,0,0,,
1761930556.336353,13:09:16,0x9246B9E0,0xB,0xF,0xE,0x9246B9EB,0x9246B9EF,0x9246B9EE,49152,49152,43200,0,0,,
1761930556.386668,13:09:16,0x9246B9E0,0xB,0xF,0xE,0x9246B9EB,0x9246B9EF,0x9246B9EE,49152,49152,43200,0,0,,
1761930556.437077,13:09:16,0x9246B9E0,0xB,0xF,0xE,0x9246B9EB,0x9246B9EF,0x9246B9EE,49152,49152,43200,0,0,,
1761930556.487808,13:09:16,0x9246B9E0,0xB,0xF,0xE,0x9246B9EB,0x9246B9EF,0x9246B9EE,49152,49152,43200,0,0,,
1761930556.538430,13:09:16,0x9246B9E0,0xB,0xF,0xE,0x9246B9EB,0x9246B9EF,0x9246B9EE,49152,49152,43200,0,0,,
1761930556.588897,13:09:16,0x9246B9E0,0xB,0xF,0xE,0x9246B9EB,0x9246B9EF,0x9246B9EE,49152,49152,43200,0,0,,
1761930556.639041,13:09:16,0x9246B9E0,0xB,0xF,0xE,0x9246B9EB,0x9246B9EF,0x9246B9EE,49152,32768,48000,16384,16384,,
1761930556.689263,13:09:16,0x9246B9E0,0xB,0xF,0xE,0x9246B9EB,0x9246B9EF,0x9246B9EE,49152,32768,48000,16384,16384,,
1761930556.739799,13:09:16,0x9246B9E0,0xB,0xF,0xE,0x9246B9EB,0x9246B9EF,0x9246B9EE,49152,32768,48000,16384,16384,,
1761930556.790043,13:09:16,0x9246B9E0,0xB,0xF,0xE,0x9246B9EB,0x9246B9EF,0x9246B9EE,49152,32768,48000,16384,16384,,
1761930556.840413,13:09:16,0x9246B9E0,0xB,0xF,0xE,0x9246B9EB,0x9246B9EF,0x9246B9EE,49152,32768,48000,16384,16384,,
1761930556.890769,13:09:16,0x9246B9E0,0xB,0xF,0xE,0x9246B9EB,0x9246B9EF,0x9246B9EE,49152,32768,48000,16384,16384,,
1761930556.941288,13:09:16,0x9246B9E0,0xB,0xF,0xE,0x9246B9EB,0x9246B9EF,0x9246B9EE,49152,32768,48000,16384,16384,,
1761930556.991498,13:09:16,0x9246B9E0,0xB,0xF,0xE,0x9246B9EB,0x9246B9EF,0x9246B9EE,49152,32768,48000,16384,16384,,
1761930557.041923,13:09:17,0x9246B9E0,0xB,0xF,0xE,0x9246B9EB,0x9246B9EF,0x9246B9EE,49152,32768,48000,16384,16384,,
1761930557.092236,13:09:17,0x9246B9E0,0xB,0xF,0xE,0x9246B9EB,0x9246B9EF,0x9246B9EE,49152,32768,48000,16384,16384,,
1761930557.142651,13:09:17,0x9246B9E0,0xB,0xF,0xE,0x9246B9EB,0x9246B9EF,0x9246B9EE,49152,32768,48000,16384,16384,,
1761930557.193139,13:09:17,0x9246B9E0,0xB,0xF,0xE,0x9246B9EB,0x9246B9EF,0x9246B9EE,49152,32768,48000,16384,16384,,
1761930557.243304,13:09:17,0x9246B9E0,0xB,0xF,0xE,0x9246B9EB,0x9246B9EF,0x9246B9EE,49152,32768,48000,16384,16384,,
1761930557.293633,13:09:17,0x9246B9E0,0xB,0xF,0xE,0x9246B9EB,0x9246B9EF,0x9246B9EE,49152,32768,48000,16384,16384,,
1761930557.343723,13:09:17,0x9246B9E0,0xB,0xF,0xE,0x9246B9EB,0x9246B9EF,0x9246B9EE,49152,32768,48000,16384,16384,,
1761930557.394288,13:09:17,0x9246B9E0,0xB,0xF,0xE,0x9246B9EB,0x9246B9EF,0x9246B9EE,49152,32768,48000,16384,16384,,
1761930557.444615,13:09:17,0x9246B9E0,0xB,0xF,0xE,0x9246B9EB,0x9246B9EF,0x9246B9EE,49152,32768,48000,16384,16384,,
1761930557.495039,13:09:17,0x9246B9E0,0xB,0xF,0xE,0x9246B9EB,0x9246B9EF,0x9246B9EE,49152,32768,48000,16384,16384,,
1761930557.545556,13:09:17,0x9246B9E0,0xB,0xF,0xE,0x9246B9EB,0x9246B9EF,0x9246B9EE,49152,32768,48000,16384,16384,,
1761930557.595729,13:09:17,0x9246B9E0,0xB,0xF,0xE,0x9246B9EB,0x9246B9EF,0x9246B9EE,49152,32768,48000,16384,16384,,
1761930557.646552,13:09:17,0x9246B9E0,0xB,0xF,0xE,0x9246B9EB,0x9246B9EF,0x9246B9EE,49152,32768,48000,16384,16384,,
1761930557.697481,13:09:17,0x9246B9E0,0xB,0xF,0xE,0x9246B9EB,0x9246B9EF,0x9246B9EE,49152,32768,48000,16384,16384,,
1761930557.747585,13:09:17,0x9246B9E0,0xB,0xF,0xE,0x9246B9EB,0x9246B9EF,0x9246B9EE,49152,32768,48000,16384,16384,,
1761930557.797805,13:09:17,0x9246B9E0,0xB,0xF,0xE,0x9246B9EB,0x9246B9EF,0x9246B9EE,49152,32768,48000,16384,16384,,
1761930557.847958,13:09:17,0x9246B9E0,0xB,0xF,0xE,0x9246B9EB,0x9246B9EF,0x9246B9EE,49152,32768,48000,16384,16384,,
1761930557.898075,13:09:17,0x9246B9E0,0xB,0xF,0xE,0x9246B9EB,0x9246B9EF,0x9246B9EE,49152,32768,48000,16384,16384,,
1761930557.948378,13:09:17,0x9246B9E0,0xB,0xF,0xE,0x9246B9EB,0x9246B9EF,0x9246B9EE,49152,32768,48000,16384,16384,,
1761930557.998906,13:09:17,0x9246B9E0,0xB,0xF,0xE,0x9246B9EB,0x9246B9EF,0x9246B9EE,49152,32768,48000,16384,16384,,
1761930558.049507,13:09:18,0x9246B9E0,0xB,0xF,0xE,0x9246B9EB,0x9246B9EF,0x9246B9EE,49152,32768,48000,16384,16384,,
1761930558.100146,13:09:18,0x9246B9E0,0xB,0xF,0xE,0x9246B9EB,0x9246B9EF,0x9246B9EE,49152,32768,48000,16384,16384,,
1761930558.150842,13:09:18,0x9246B9E0,0xB,0xF,0xE,0x9246B9EB,0x9246B9EF,0x9246B9EE,49152,32768,48000,16384,16384,,
1761930558.201577,13:09:18,0x9246B9E0,0xB,0xF,0xE,0x9246B9EB,0x9246B9EF,0x9246B9EE,49152,32768,48000,16384,16384,,
1761930558.252235,13:09:18,0x9246B9E0,0xB,0xF,0xE,0x9246B9EB,0x9246B9EF,0x9246B9EE,49152,32768,48000,16384,16384,,
1761930558.302676,13:09:18,0x9246B9E0,0xB,0xF,0xE,0x9246B9EB,0x9246B9EF,0x9246B9EE,49152,32768,48000,16384,16384,,
1761930558.353279,13:09:18,0x9246B9E0,0xB,0xF,0xE,0x9246B9EB,0x9246B9EF,0x9246B9EE,49152,32768,48000,16384,16384,,
1761930558.403587,13:09:18,0x9246B9E0,0xB,0xF,0xE,0x9246B9EB,0x9246B9EF,0x9246B9EE,49152,32768,48000,16384,16384,,
1761930558.454016,13:09:18,0x9246B9E0,0xB,0xF,0xE,0x9246B9EB,0x9246B9EF,0x9246B9EE,49152,32768,48000,16384,16384,,
1761930558.505079,13:09:18,0x9246B9E0,0xB,0xF,0xE,0x9246B9EB,0x9246B9EF,0x9246B9EE,49152,32768,48000,16384,16384,,
1761930558.555639,13:09:18,0x9246B9E0,0xB,0xF,0xE,0x9246B9EB,0x9246B9EF,0x9246B9EE,49152,32768,48000,16384,16384,,
1761930558.606139,13:09:18,0x9246B9E0,0xB,0xF,0xE,0x9246B9EB,0x9246B9EF,0x9246B9EE,49152,32768,48000,16384,16384,,
1761930558.656923,13:09:18,0x9246B9E0,0xB,0xF,0xE,0x9246B9EB,0x9246B9EF,0x9246B9EE,49152,32768,48000,16384,16384,,
1761930558.707297,13:09:18,0x9246B9E0,0xB,0xF,0xE,0x9246B9EB,0x9246B9EF,0x9246B9EE,49152,32768,48000,16384,16384,,
1761930558.757897,13:09:18,0x9246B9E0,0xB,0xF,0xE,0x9246B9EB,0x9246B9EF,0x9246B9EE,49152,32768,48000,16384,16384,,
1761930558.808400,13:09:18,0x9246B9E0,0xB,0xF,0xE,0x9246B9EB,0x9246B9EF,0x9246B9EE,49152,32768,48000,16384,16384,,
1761930558.859064,13:09:18,0x9246B9E0,0xB,0xF,0xE,0x9246B9EB,0x9246B9EF,0x9246B9EE,49152,32768,48000,16384,16384,,
1761930558.909334,13:09:18,0x9246B9E0,0xB,0xF,0xE,0x9246B9EB,0x9246B9EF,0x9246B9EE,49152,32768,48000,16384,16384,,
1761930558.959854,13:09:18,0x9246B9E0,0xB,0xF,0xE,0x9246B9EB,0x9246B9EF,0x9246B9EE,49152,32768,48000,16384,16384,,
1761930559.010176,13:09:19,0x9246B9E0,0xB,0xF,0xE,0x9246B9EB,0x9246B9EF,0x9246B9EE,49152,32768,48000,16384,16384,,
1761930559.060256,13:09:19,0x9246B9E0,0xB,0xF,0xE,0x9246B9EB,0x9246B9EF,0x9246B9EE,49152,32768,48000,16384,16384,,
1761930559.110718,13:09:19,0x9246B9E0,0xB,0xF,0xE,0x9246B9EB,0x9246B9EF,0x9246B9EE,49152,32768,48000,16384,16384,,
1761930559.160827,13:09:19,0x9246B9E0,0xB,0xF,0xE,0x9246B9EB,0x9246B9EF,0x9246B9EE,49152,32768,48000,16384,16384,,
1761930559.211236,13:09:19,0x9246B9E0,0xB,0xF,0xE,0x9246B9EB,0x9246B9EF,0x9246B9EE,49152,32768,48000,16384,16384,,
1761930559.261764,13:09:19,0x9246B9E0,0xB,0xF,0xE,0x9246B9EB,0x9246B9EF,0x9246B9EE,49152,32768,48000,16384,16384,,
1761930559.311883,13:09:19,0x9246B9E0,0xB,0xF,0xE,0x9246B9EB,0x9246B9EF,0x9246B9EE,49152,32768,48000,16384,16384,,
1761930559.362322,13:09:19,0x9246B9E0,0xB,0xF,0xE,0x9246B9EB,0x9246B9EF,0x9246B9EE,49152,32768,48000,16384,16384,,
1761930559.412764,13:09:19,0x9246B9E0,0xB,0xF,0xE,0x9246B9EB,0x9246B9EF,0x9246B9EE,49152,46080,43700,3072,3072,,
1761930559.463244,13:09:19,0x9246B9E0,0xB,0xF,0xE,0x9246B9EB,0x9246B9EF,0x9246B9EE,49152,46080,43700,3072,3072,,
1761930559.513473,13:09:19,0x9246B9E0,0xB,0xF,0xE,0x9246B9EB,0x9246B9EF,0x9246B9EE,49152,46080,43700,3072,3072,,
1761930559.563761,13:09:19,0x9246B9E0,0xB,0xF,0xE,0x9246B9EB,0x9246B9EF,0x9246B9EE,49152,46080,43700,3072,3072,,
1761930559.614138,13:09:19,0x9246B9E0,0xB,0xF,0xE,0x9246B9EB,0x9246B9EF,0x9246B9EE,49152,46080,43700,3072,3072,,
1761930559.664754,13:09:19,0x9246B9E0,0xB,0xF,0xE,0x9246B9EB,0x9246B9EF,0x9246B9EE,49152,46080,43700,3072,3072,,
1761930559.715178,13:09:19,0x9246B9E0,0xB,0xF,0xE,0x9246B9EB,0x9246B9EF,0x9246B9EE,49152,46080,43700,3072,3072,,
1761930559.765629,13:09:19,0x9246B9E0,0xB,0xF,0xE,0x9246B9EB,0x9246B9EF,0x9246B9EE,49152,46080,43700,3072,3072,,
1761930559.816286,13:09:19,0x9246B9E0,0xB,0xF,0xE,0x9246B9EB,0x9246B9EF,0x9246B9EE,49152,46080,43700,3072,3072,,
1761930559.866515,13:09:19,0x9246B9E0,0xB,0xF,0xE,0x9246B9EB,0x9246B9EF,0x9246B9EE,49152,46080,43700,3072,3072,,
1761930559.916751,13:09:19,0x9246B9E0,0xB,0xF,0xE,0x9246B9EB,0x9246B9EF,0x9246B9EE,49152,46080,43700,3072,3072,,
1761930559.966944,13:09:19,0x9246B9E0,0xB,0xF,0xE,0x9246B9EB,0x9246B9EF,0x9246B9EE,49152,46080,43700,3072,3072,,
1761930560.017346,13:09:20,0x9246B9E0,0xB,0xF,0xE,0x9246B9EB,0x9246B9EF,0x9246B9EE,49152,46080,43700,3072,3072,,
1761930560.067668,13:09:20,0x9246B9E0,0xB,0xF,0xE,0x9246B9EB,0x9246B9EF,0x9246B9EE,49152,46080,43700,3072,3072,,
1761930560.117849,13:09:20,0x9246B9E0,0xB,0xF,0xE,0x9246B9EB,0x9246B9EF,0x9246B9EE,49152,32768,48000,16384,16384,,
1761930560.168436,13:09:20,0x9246B9E0,0xB,0xF,0xE,0x9246B9EB,0x9246B9EF,0x9246B9EE,49152,32768,48000,16384,16384,,
1761930560.219144,13:09:20,0x9246B9E0,0xB,0xF,0xE,0x9246B9EB,0x9246B9EF,0x9246B9EE,49152,32768,48000,16384,16384,,
1761930560.269777,13:09:20,0x9246B9E0,0xB,0xF,0xE,0x9246B9EB,0x9246B9EF,0x9246B9EE,49152,32768,48000,16384,16384,,
1761930560.319919,13:09:20,0x9246B9E0,0xB,0xF,0xE,0x9246B9EB,0x9246B9EF,0x9246B9EE,49152,32768,48000,16384,16384,,
1761930560.370256,13:09:20,0x9246B9E0,0xB,0xF,0xE,0x9246B9EB,0x9246B9EF,0x9246B9EE,49152,32768,48000,16384,16384,,
1761930560.420691,13:09:20,0x9246B9E0,0xB,0xF,0xE,0x9246B9EB,0x9246B9EF,0x9246B9EE,49152,32768,48000,16384,16384,,
1761930560.471477,13:09:20,0x9246B9E0,0xB,0xF,0xE,0x9246B9EB,0x9246B9EF,0x9246B9EE,49152,32768,48000,16384,16384,,
1761930560.521754,13:09:20,0x9246B9E0,0xB,0xF,0xE,0x9246B9EB,0x9246B9EF,0x9246B9EE,49152,49152,43200,0,0,,
1761930560.571976,13:09:20,0x9246B9E0,0xB,0xF,0xE,0x9246B9EB,0x9246B9EF,0x9246B9EE,49152,49152,43200,0,0,,
1761930560.622187,13:09:20,0x9246B9E0,0xB,0xF,0xE,0x9246B9EB,0x9246B9EF,0x9246B9EE,49152,49152,43200,0,0,,
1761930560.672386,13:09:20,0x9246B9E0,0xB,0xF,0xE,0x9246B9EB,0x9246B9EF,0x9246B9EE,49152,49152,43200,0,0,,
1761930560.723177,13:09:20,0x9246B9E0,0xB,0xF,0xE,0x9246B9EB,0x9246B9EF,0x9246B9EE,49152,49152,43200,0,0,,
1761930560.773444,13:09:20,0x9246B9E0,0xB,0xF,0xE,0x9246B9EB,0x9246B9EF,0x9246B9EE,49152,49152,43200,0,0,,
1761930560.824065,13:09:20,0x9246B9E0,0xB,0xF,0xE,0x9246B9EB,0x9246B9EF,0x9246B9EE,49152,49152,43200,0,0,,
1761930560.874295,13:09:20,0x9246B9E0,0xB,0xF,0xE,0x9246B9EB,0x9246B9EF,0x9246B9EE,49152,49152,43200,0,0,,
1761930560.924491,13:09:20,0x9246B9E0,0xB,0xF,0xE,0x9246B9EB,0x9246B9EF,0x9246B9EE,49152,49152,43200,0,0,,
1761930560.974924,13:09:20,0x9246B9E0,0xB,0xF,0xE,0x9246B9EB,0x9246B9EF,0x9246B9EE,49152,49152,43200,0,0,,
1761930561.025294,13:09:21,0x9246B9E0,0xB,0xF,0xE,0x9246B9EB,0x9246B9EF,0x9246B9EE,49152,49152,43200,0,0,,
1761930561.075511,13:09:21,0x9246B9E0,0xB,0xF,0xE,0x9246B9EB,0x9246B9EF,0x9246B9EE,49152,49152,43200,0,0,,
1761930561.125813,13:09:21,0x9246B9E0,0xB,0xF,0xE,0x9246B9EB,0x9246B9EF,0x9246B9EE,49152,49152,43200,0,0,,
1761930561.176308,13:09:21,0x9246B9E0,0xB,0xF,0xE,0x9246B9EB,0x9246B9EF,0x9246B9EE,49152,49152,43200,0,0,,
1761930561.226820,13:09:21,0x9246B9E0,0xB,0xF,0xE,0x9246B9EB,0x9246B9EF,0x9246B9EE,49152,32768,48000,16384,16384,,
1761930561.277056,13:09:21,0x9246B9E0,0xB,0xF,0xE,0x9246B9EB,0x9246B9EF,0x9246B9EE,49152,32768,48000,16384,16384,,
1761930561.327510,13:09:21,0x9246B9E0,0xB,0xF,0xE,0x9246B9EB,0x9246B9EF,0x9246B9EE,49152,32768,48000,16384,16384,,
1761930561.377659,13:09:21,0x9246B9E0,0xB,0xF,0xE,0x9246B9EB,0x9246B9EF,0x9246B9EE,49152,32768,48000,16384,16384,,
1761930561.428418,13:09:21,0x9246B9E0,0xB,0xF,0xE,0x9246B9EB,0x9246B9EF,0x9246B9EE,49152,32768,48000,16384,16384,,
1761930561.478744,13:09:21,0x9246B9E0,0xB,0xF,0xE,0x9246B9EB,0x9246B9EF,0x9246B9EE,49152,32768,48000,16384,16384,,
1761930561.529392,13:09:21,0x9246B9E0,0xB,0xF,0xE,0x9246B9EB,0x9246B9EF,0x9246B9EE,49152,32768,48000,16384,16384,,
1761930561.579672,13:09:21,0x9246B9E0,0xB,0xF,0xE,0x9246B9EB,0x9246B9EF,0x9246B9EE,49152,32768,48000,16384,16384,,
1761930561.630143,13:09:21,0x9246B9E0,0xB,0xF,0xE,0x9246B9EB,0x9246B9EF,0x9246B9EE,49152,49152,43200,0,0,,
1761930561.680416,13:09:21,0x9246B9E0,0xB,0xF,0xE,0x9246B9EB,0x9246B9EF,0x9246B9EE,49152,49152,43200,0,0,,
1761930561.730974,13:09:21,0x9246B9E0,0xB,0xF,0xE,0x9246B9EB,0x9246B9EF,0x9246B9EE,49152,49152,43200,0,0,,
1761930561.781531,13:09:21,0x9246B9E0,0xB,0xF,0xE,0x9246B9EB,0x9246B9EF,0x9246B9EE,49152,49152,43200,0,0,,
1761930561.831908,13:09:21,0x9246B9E0,0xB,0xF,0xE,0x9246B9EB,0x9246B9EF,0x9246B9EE,49152,49152,43200,0,0,,
1761930561.882328,13:09:21,0x9246B9E0,0xB,0xF,0xE,0x9246B9EB,0x9246B9EF,0x9246B9EE,49152,49152,43200,0,0,,
1761930561.932706,13:09:21,0x9246B9E0,0xB,0xF,0xE,0x9246B9EB,0x9246B9EF,0x9246B9EE,49152,49152,43200,0,0,,
1761930561.983329,13:09:21,0x9246B9E0,0xB,0xF,0xE,0x9246B9EB,0x9246B9EF,0x9246B9EE,49152,49152,43200,0,0,,
1761930562.033967,13:09:22,0x9246B9E0,0xB,0xF,0xE,0x9246B9EB,0x9246B9EF,0x9246B9EE,49152,49152,43200,0,0,,
1761930562.084287,13:09:22,0x9246B9E0,0xB,0xF,0xE,0x9246B9EB,0x9246B9EF,0x9246B9EE,49152,49152,43200,0,0,,
1761930562.134461,13:09:22,0x9246B9E0,0xB,0xF,0xE,0x9246B9EB,0x9246B9EF,0x9246B9EE,49152,49152,43200,0,0,,
1761930562.184885,13:09:22,0x9246B9E0,0xB,0xF,0xE,0x9246B9EB,0x9246B9EF,0x9246B9EE,49152,49152,43200,0,0,,
1761930562.235365,13:09:22,0x9246B9E0,0xB,0xF,0xE,0x9246B9EB,0x9246B9EF,0x9246B9EE,49152,49152,43200,0,0,,
1761930562.285835,13:09:22,0x9246B9E0,0xB,0xF,0xE,0x9246B9EB,0x9246B9EF,0x9246B9EE,49152,49152,43200,0,0,,
1761930562.336122,13:09:22,0x9246B9E0,0xB,0xF,0xE,0x9246B9EB,0x9246B9EF,0x9246B9EE,49152,32768,48000,16384,16384,,
1761930562.386517,13:09:22,0x9246B9E0,0xB,0xF,0xE,0x9246B9EB,0x9246B9EF,0x9246B9EE,49152,32768,48000,16384,16384,,
1761930562.436821,13:09:22,0x9246B9E0,0xB,0xF,0xE,0x9246B9EB,0x9246B9EF,0x9246B9EE,49152,32768,48000,16384,16384,,
1761930562.487086,13:09:22,0x9246B9E0,0xB,0xF,0xE,0x9246B9EB,0x9246B9EF,0x9246B9EE,49152,32768,48000,16384,16384,,
1761930562.537464,13:09:22,0x9246B9E0,0xB,0xF,0xE,0x9246B9EB,0x9246B9EF,0x9246B9EE,49152,32768,48000,16384,16384,,
1761930562.587889,13:09:22,0x9246B9E0,0xB,0xF,0xE,0x9246B9EB,0x9246B9EF,0x9246B9EE,49152,32768,48000,16384,16384,,
1761930562.638267,13:09:22,0x9246B9E0,0xB,0xF,0xE,0x9246B9EB,0x9246B9EF,0x9246B9EE,49152,32768,48000,16384,16384,,
1761930562.688892,13:09:22,0x9246B9E0,0xB,0xF,0xE,0x9246B9EB,0x9246B9EF,0x9246B9EE,49152,32768,48000,16384,16384,,
1761930562.739403,13:09:22,0x9246B9E0,0xB,0xF,0xE,0x9246B9EB,0x9246B9EF,0x9246B9EE,49152,32768,48000,16384,16384,,
1761930562.789619,13:09:22,0x9246B9E0,0xB,0xF,0xE,0x9246B9EB,0x9246B9EF,0x9246B9EE,49152,32768,48000,16384,16384,,
1761930562.839907,13:09:22,0x9246B9E0,0xB,0xF,0xE,0x9246B9EB,0x9246B9EF,0x9246B9EE,49152,49152,43200,0,0,,
1761930562.890507,13:09:22,0x9246B9E0,0xB,0xF,0xE,0x9246B9EB,0x9246B9EF,0x9246B9EE,49152,49152,43200,0,0,,
1761930562.940854,13:09:22,0x9246B9E0,0xB,0xF,0xE,0x9246B9EB,0x9246B9EF,0x9246B9EE,49152,49152,43200,0,0,,
1761930562.991202,13:09:22,0x9246B9E0,0xB,0xF,0xE,0x9246B9EB,0x9246B9EF,0x9246B9EE,49152,49152,43200,0,0,,
1761930563.041726,13:09:23,0x9246B9E0,0xB,0xF,0xE,0x9246B9EB,0x9246B9EF,0x9246B9EE,49152,49152,43200,0,0,,
1761930563.092036,13:09:23,0x9246B9E0,0xB,0xF,0xE,0x9246B9EB,0x9246B9EF,0x9246B9EE,49152,49152,43200,0,0,,
1761930563.142452,13:09:23,0x9246B9E0,0xB,0xF,0xE,0x9246B9EB,0x9246B9EF,0x9246B9EE,49152,49152,43200,0,0,,
1761930563.192615,13:09:23,0x9246B9E0,0xB,0xF,0xE,0x9246B9EB,0x9246B9EF,0x9246B9EE,49152,49152,43200,0,0,,
1761930563.242957,13:09:23,0x9246B9E0,0xB,0xF,0xE,0x9246B9EB,0x9246B9EF,0x9246B9EE,49152,49152,43200,0,0,,
1761930563.293473,13:09:23,0x9246B9E0,0xB,0xF,0xE,0x9246B9EB,0x9246B9EF,0x9246B9EE,49152,49152,43200,0,0,,
1761930563.343835,13:09:23,0x9246B9E0,0xB,0xF,0xE,0x9246B9EB,0x9246B9EF,0x9246B9EE,49152,49152,43200,0,0,,
1761930563.394554,13:09:23,0x9246B9E0,0xB,0xF,0xE,0x9246B9EB,0x9246B9EF,0x9246B9EE,49152,49152,43200,0,0,,
1761930563.445104,13:09:23,0x9246B9E0,0xB,0xF,0xE,0x9246B9EB,0x9246B9EF,0x9246B9EE,49152,49152,43200,0,0,,
1761930563.495617,13:09:23,0x9246B9E0,0xB,0xF,0xE,0x9246B9EB,0x9246B9EF,0x9246B9EE,49152,49152,43200,0,0,,
1761930563.546027,13:09:23,0x9246B9E0,0xB,0xF,0xE,0x9246B9EB,0x9246B9EF,0x9246B9EE,49152,32768,48000,16384,16384,,
1761930563.596615,13:09:23,0x9246B9E0,0xB,0xF,0xE,0x9246B9EB,0x9246B9EF,0x9246B9EE,49152,32768,48000,16384,16384,,
1761930563.646930,13:09:23,0x9246B9E0,0xB,0xF,0xE,0x9246B9EB,0x9246B9EF,0x9246B9EE,49152,32768,48000,16384,16384,,
1761930563.697182,13:09:23,0x9246B9E0,0xB,0xF,0xE,0x9246B9EB,0x9246B9EF,0x9246B9EE,49152,32768,48000,16384,16384,,
1761930563.747464,13:09:23,0x9246B9E0,0xB,0xF,0xE,0x9246B9EB,0x9246B9EF,0x9246B9EE,49152,32768,48000,16384,16384,,
1761930563.798081,13:09:23,0x9246B9E0,0xB,0xF,0xE,0x9246B9EB,0x9246B9EF,0x9246B9EE,49152,32768,48000,16384,16384,,
1761930563.848387,13:09:23,0x9246B9E0,0xB,0xF,0xE,0x9246B9EB,0x9246B9EF,0x9246B9EE,49152,32768,48000,16384,16384,,
1761930563.898830,13:09:23,0x9246B9E0,0xB,0xF,0xE,0x9246B9EB,0x9246B9EF,0x9246B9EE,49152,32768,48000,16384,16384,,
1761930563.949060,13:09:23,0x9246B9E0,0xB,0xF,0xE,0x9246B9EB,0x9246B9EF,0x9246B9EE,49152,32768,48000,16384,16384,,
1761930563.999617,13:09:23,0x9246B9E0,0xB,0xF,0xE,0x9246B9EB,0x9246B9EF,0x9246B9EE,49152,49152,43200,0,0,,
1761930564.049989,13:09:24,0x9246B9E0,0xB,0xF,0xE,0x9246B9EB,0x9246B9EF,0x9246B9EE,49152,49152,43200,0,0,,
1761930564.100273,13:09:24,0x9246B9E0,0xB,0xF,0xE,0x9246B9EB,0x9246B9EF,0x9246B9EE,49152,49152,43200,0,0,,
1761930564.150595,13:09:24,0x9246B9E0,0xB,0xF,0xE,0x9246B9EB,0x9246B9EF,0x9246B9EE,49152,49152,43200,0,0,,
1761930564.201278,13:09:24,0x9246B9E0,0xB,0xF,0xE,0x9246B9EB,0x9246B9EF,0x9246B9EE,49152,49152,43200,0,0,,
1761930564.251866,13:09:24,0x9246B9E0,0xB,0xF,0xE,0x9246B9EB,0x9246B9EF,0x9246B9EE,49152,49152,43200,0,0,,
1761930564.302484,13:09:24,0x9246B9E0,0xB,0xF,0xE,0x9246B9EB,0x9246B9EF,0x9246B9EE,49152,49152,43200,0,0,,
1761930564.352731,13:09:24,0x9246B9E0,0xB,0xF,0xE,0x9246B9EB,0x9246B9EF,0x9246B9EE,49152,49152,43200,0,0,,
1761930564.403205,13:09:24,0x9246B9E0,0xB,0xF,0xE,0x9246B9EB,0x9246B9EF,0x9246B9EE,49152,49152,43200,0,0,,
1761930564.453511,13:09:24,0x9246B9E0,0xB,0xF,0xE,0x9246B9EB,0x9246B9EF,0x9246B9EE,49152,49152,43200,0,0,,
1761930564.503896,13:09:24,0x9246B9E0,0xB,0xF,0xE,0x9246B9EB,0x9246B9EF,0x9246B9EE,49152,49152,43200,0,0,,
1761930564.554220,13:09:24,0x9246B9E0,0xB,0xF,0xE,0x9246B9EB,0x9246B9EF,0x9246B9EE,49152,49152,43200,0,0,,
1761930564.604539,13:09:24,0x9246B9E0,0xB,0xF,0xE,0x9246B9EB,0x9246B9EF,0x9246B9EE,49152,49152,43200,0,0,,
1761930564.655238,13:09:24,0x9246B9E0,0xB,0xF,0xE,0x9246B9EB,0x9246B9EF,0x9246B9EE,49152,49152,43200,0,0,,
1761930564.705599,13:09:24,0x9246B9E0,0xB,0xF,0xE,0x9246B9EB,0x9246B9EF,0x9246B9EE,49152,32768,48000,16384,16384,,
1761930564.756165,13:09:24,0x9246B9E0,0xB,0xF,0xE,0x9246B9EB,0x9246B9EF,0x9246B9EE,49152,32768,48000,16384,16384,,
1761930564.806519,13:09:24,0x9246B9E0,0xB,0xF,0xE,0x9246B9EB,0x9246B9EF,0x9246B9EE,49152,32768,48000,16384,16384,,
1761930564.857156,13:09:24,0x9246B9E0,0xB,0xF,0xE,0x9246B9EB,0x9246B9EF,0x9246B9EE,49152,32768,48000,16384,16384,,
1761930564.907363,13:09:24,0x9246B9E0,0xB,0xF,0xE,0x9246B9EB,0x9246B9EF,0x9246B9EE,49152,32768,48000,16384,16384,,
1761930564.957850,13:09:24,0x9246B9E0,0xB,0xF,0xE,0x9246B9EB,0x9246B9EF,0x9246B9EE,49152,32768,48000,16384,16384,,
1761930565.008433,13:09:25,0x9246B9E0,0xB,0xF,0xE,0x9246B9EB,0x9246B9EF,0x9246B9EE,49152,32768,48000,16384,16384,,
1761930565.059089,13:09:25,0x9246B9E0,0xB,0xF,0xE,0x9246B9EB,0x9246B9EF,0x9246B9EE,49152,49152,43200,0,0,,
1761930565.109589,13:09:25,0x9246B9E0,0xB,0xF,0xE,0x9246B9EB,0x9246B9EF,0x9246B9EE,49152,49152,43200,0,0,,
1761930565.159974,13:09:25,0x9246B9E0,0xB,0xF,0xE,0x9246B9EB,0x9246B9EF,0x9246B9EE,49152,49152,43200,0,0,,
1761930565.210262,13:09:25,0x9246B9E0,0xB,0xF,0xE,0x9246B9EB,0x9246B9EF,0x9246B9EE,49152,49152,43200,0,0,,
1761930565.260587,13:09:25,0x9246B9E0,0xB,0xF,0xE,0x9246B9EB,0x9246B9EF,0x9246B9EE,49152,49152,43200,0,0,,
1761930565.310743,13:09:25,0x9246B9E0,0xB,0xF,0xE,0x9246B9EB,0x9246B9EF,0x9246B9EE,49152,49152,43200,0,0,,
1761930565.360940,13:09:25,0x9246B9E0,0xB,0xF,0xE,0x9246B9EB,0x9246B9EF,0x9246B9EE,49152,49152,43200,0,0,,
1761930565.411311,13:09:25,0x9246B9E0,0xB,0xF,0xE,0x9246B9EB,0x9246B9EF,0x9246B9EE,49152,49152,43200,0,0,,
1761930565.461943,13:09:25,0x9246B9E0,0xB,0xF,0xE,0x9246B9EB,0x9246B9EF,0x9246B9EE,49152,49152,43200,0,0,,
1761930565.512297,13:09:25,0x9246B9E0,0xB,0xF,0xE,0x9246B9EB,0x9246B9EF,0x9246B9EE,49152,49152,43200,0,0,,
1761930565.562433,13:09:25,0x9246B9E0,0xB,0xF,0xE,0x9246B9EB,0x9246B9EF,0x9246B9EE,49152,49152,43200,0,0,,
1761930565.612698,13:09:25,0x9246B9E0,0xB,0xF,0xE,0x9246B9EB,0x9246B9EF,0x9246B9EE,49152,49152,43200,0,0,,
1761930565.662980,13:09:25,0x9246B9E0,0xB,0xF,0xE,0x9246B9EB,0x9246B9EF,0x9246B9EE,49152,49152,43200,0,0,,
1761930565.713205,13:09:25,0x9246B9E0,0xB,0xF,0xE,0x9246B9EB,0x9246B9EF,0x9246B9EE,49152,32768,48000,16384,16384,,
1761930565.763636,13:09:25,0x9246B9E0,0xB,0xF,0xE,0x9246B9EB,0x9246B9EF,0x9246B9EE,49152,32768,48000,16384,16384,,
1761930565.813848,13:09:25,0x9246B9E0,0xB,0xF,0xE,0x9246B9EB,0x9246B9EF,0x9246B9EE,49152,32768,48000,16384,16384,,
1761930565.864240,13:09:25,0x9246B9E0,0xB,0xF,0xE,0x9246B9EB,0x9246B9EF,0x9246B9EE,49152,32768,48000,16384,16384,,
1761930565.914606,13:09:25,0x9246B9E0,0xB,0xF,0xE,0x9246B9EB,0x9246B9EF,0x9246B9EE,49152,32768,48000,16384,16384,,
1761930565.964948,13:09:25,0x9246B9E0,0xB,0xF,0xE,0x9246B9EB,0x9246B9EF,0x9246B9EE,49152,49152,43200,0,0,,
1761930566.015286,13:09:26,0x9246B9E0,0xB,0xF,0xE,0x9246B9EB,0x9246B9EF,0x9246B9EE,49152,49152,43200,0,0,,
1761930566.065708,13:09:26,0x9246B9E0,0xB,0xF,0xE,0x9246B9EB,0x9246B9EF,0x9246B9EE,49152,49152,43200,0,0,,
1761930566.116304,13:09:26,0x9246B9E0,0xB,0xF,0xE,0x9246B9EB,0x9246B9EF,0x9246B9EE,49152,49152,43200,0,0,,
1761930566.166947,13:09:26,0x9246B9E0,0xB,0xF,0xE,0x9246B9EB,0x9246B9EF,0x9246B9EE,49152,49152,43200,0,0,,
1761930566.217344,13:09:26,0x9246B9E0,0xB,0xF,0xE,0x9246B9EB,0x9246B9EF,0x9246B9EE,49152,49152,43200,0,0,,
1761930566.267829,13:09:26,0x9246B9E0,0xB,0xF,0xE,0x9246B9EB,0x9246B9EF,0x9246B9EE,49152,49152,43200,0,0,,
1761930566.318290,13:09:26,0x9246B9E0,0xB,0xF,0xE,0x9246B9EB,0x9246B9EF,0x9246B9EE,49152,49152,43200,0,0,,
1761930566.369126,13:09:26,0x9246B9E0,0xB,0xF,0xE,0x9246B9EB,0x9246B9EF,0x9246B9EE,49152,49152,43200,0,0,,
1761930566.419545,13:09:26,0x9246B9E0,0xB,0xF,0xE,0x9246B9EB,0x9246B9EF,0x9246B9EE,49152,49152,43200,0,0,,
1761930566.470040,13:09:26,0x9246B9E0,0xB,0xF,0xE,0x9246B9EB,0x9246B9EF,0x9246B9EE,49152,49152,43200,0,0,,
1761930566.520532,13:09:26,0x9246B9E0,0xB,0xF,0xE,0x9246B9EB,0x9246B9EF,0x9246B9EE,49152,49152,43200,0,0,,
1761930566.570703,13:09:26,0x9246B9E0,0xB,0xF,0xE,0x9246B9EB,0x9246B9EF,0x9246B9EE,49152,49152,43200,0,0,,
1761930566.621062,13:09:26,0x9246B9E0,0xB,0xF,0xE,0x9246B9EB,0x9246B9EF,0x9246B9EE,49152,49152,43200,0,0,,
1761930566.671333,13:09:26,0x9246B9E0,0xB,0xF,0xE,0x9246B9EB,0x9246B9EF,0x9246B9EE,49152,32768,48000,16384,16384,,
1761930566.721853,13:09:26,0x9246B9E0,0xB,0xF,0xE,0x9246B9EB,0x9246B9EF,0x9246B9EE,49152,32768,48000,16384,16384,,
1761930566.772152,13:09:26,0x9246B9E0,0xB,0xF,0xE,0x9246B9EB,0x9246B9EF,0x9246B9EE,49152,32768,48000,16384,16384,,
1761930566.822860,13:09:26,0x9246B9E0,0xB,0xF,0xE,0x9246B9EB,0x9246B9EF,0x9246B9EE,49152,32768,48000,16384,16384,,
1761930566.873680,13:09:26,0x9246B9E0,0xB,0xF,0xE,0x9246B9EB,0x9246B9EF,0x9246B9EE,49152,32768,48000,16384,16384,,
1761930566.924121,13:09:26,0x9246B9E0,0xB,0xF,0xE,0x9246B9EB,0x9246B9EF,0x9246B9EE,49152,32768,48000,16384,16384,,
1761930566.974479,13:09:26,0x9246B9E0,0xB,0xF,0xE,0x9246B9EB,0x9246B9EF,0x9246B9EE,49152,32768,48000,16384,16384,,
1761930567.024718,13:09:27,0x9246B9E0,0xB,0xF,0xE,0x9246B9EB,0x9246B9EF,0x9246B9EE,49152,32768,48000,16384,16384,,
1761930567.075199,13:09:27,0x9246B9E0,0xB,0xF,0xE,0x9246B9EB,0x9246B9EF,0x9246B9EE,49152,32768,48000,16384,16384,,
1761930567.125494,13:09:27,0x9246B9E0,0xB,0xF,0xE,0x9246B9EB,0x9246B9EF,0x9246B9EE,49152,32768,48000,16384,16384,,
1761930567.176460,13:09:27,0x9246B9E0,0xB,0xF,0xE,0x9246B9EB,0x9246B9EF,0x9246B9EE,49152,32768,48000,16384,16384,,
1761930567.226707,13:09:27,0x9246B9E0,0xB,0xF,0xE,0x9246B9EB,0x9246B9EF,0x9246B9EE,49152,32768,48000,16384,16384,,
1761930567.277012,13:09:27,0x9246B9E0,0xB,0xF,0xE,0x9246B9EB,0x9246B9EF,0x9246B9EE,49152,32768,48000,16384,16384,,
1761930567.327351,13:09:27,0x9246B9E0,0xB,0xF,0xE,0x9246B9EB,0x9246B9EF,0x9246B9EE,49152,32768,48000,16384,16384,,
1761930567.377825,13:09:27,0x9246B9E0,0xB,0xF,0xE,0x9246B9EB,0x9246B9EF,0x9246B9EE,49152,32768,48000,16384,16384,,
1761930567.428252,13:09:27,0x9246B9E0,0xB,0xF,0xE,0x9246B9EB,0x9246B9EF,0x9246B9EE,49152,32768,48000,16384,16384,,
1761930567.478653,13:09:27,0x9246B9E0,0xB,0xF,0xE,0x9246B9EB,0x9246B9EF,0x9246B9EE,49152,32768,48000,16384,16384,,
1761930567.528962,13:09:27,0x9246B9E0,0xB,0xF,0xE,0x9246B9EB,0x9246B9EF,0x9246B9EE,49152,32768,48000,16384,16384,,
1761930567.579558,13:09:27,0x9246B9E0,0xB,0xF,0xE,0x9246B9EB,0x9246B9EF,0x9246B9EE,49152,32768,48000,16384,16384,,
1761930567.629784,13:09:27,0x9246B9E0,0xB,0xF,0xE,0x9246B9EB,0x9246B9EF,0x9246B9EE,49152,32768,48000,16384,16384,,
1761930567.680355,13:09:27,0x9246B9E0,0xB,0xF,0xE,0x9246B9EB,0x9246B9EF,0x9246B9EE,49152,32768,48000,16384,16384,,
1761930567.730820,13:09:27,0x9246B9E0,0xB,0xF,0xE,0x9246B9EB,0x9246B9EF,0x9246B9EE,49152,32768,48000,16384,16384,,
1761930567.781377,13:09:27,0x9246B9E0,0xB,0xF,0xE,0x9246B9EB,0x9246B9EF,0x9246B9EE,49152,32768,48000,16384,16384,,
1761930567.832065,13:09:27,0x9246B9E0,0xB,0xF,0xE,0x9246B9EB,0x9246B9EF,0x9246B9EE,49152,32768,48000,16384,16384,,
1761930567.882480,13:09:27,0x9246B9E0,0xB,0xF,0xE,0x9246B9EB,0x9246B9EF,0x9246B9EE,49152,32768,48000,16384,16384,,
1761930567.933129,13:09:27,0x9246B9E0,0xB,0xF,0xE,0x9246B9EB,0x9246B9EF,0x9246B9EE,49152,32768,48000,16384,16384,,
1761930567.983440,13:09:27,0x9246B9E0,0xB,0xF,0xE,0x9246B9EB,0x9246B9EF,0x9246B9EE,49152,32768,48000,16384,16384,,
1761930568.033981,13:09:28,0x9246B9E0,0xB,0xF,0xE,0x9246B9EB,0x9246B9EF,0x9246B9EE,49152,32768,48000,16384,16384,,
1761930568.084152,13:09:28,0x9246B9E0,0xB,0xF,0xE,0x9246B9EB,0x9246B9EF,0x9246B9EE,49152,32768,48000,16384,16384,,
1761930568.134563,13:09:28,0x9246B9E0,0xB,0xF,0xE,0x9246B9EB,0x9246B9EF,0x9246B9EE,49152,32768,48000,16384,16384,,
1761930568.184711,13:09:28,0x9246B9E0,0xB,0xF,0xE,0x9246B9EB,0x9246B9EF,0x9246B9EE,49152,32768,48000,16384,16384,,
1761930568.235016,13:09:28,0x9246B9E0,0xB,0xF,0xE,0x9246B9EB,0x9246B9EF,0x9246B9EE,49152,32768,48000,16384,16384,,
1761930568.285741,13:09:28,0x9246B9E0,0xB,0xF,0xE,0x9246B9EB,0x9246B9EF,0x9246B9EE,49152,32768,48000,16384,16384,,
1761930568.336513,13:09:28,0x9246B9E0,0xB,0xF,0xE,0x9246B9EB,0x9246B9EF,0x9246B9EE,49152,32768,48000,16384,16384,,
1761930568.387031,13:09:28,0x9246B9E0,0xB,0xF,0xE,0x9246B9EB,0x9246B9EF,0x9246B9EE,49152,32768,48000,16384,16384,,
1761930568.437870,13:09:28,0x9246B9E0,0xB,0xF,0xE,0x9246B9EB,0x9246B9EF,0x9246B9EE,49152,32768,48000,16384,16384,,
1761930568.488694,13:09:28,0x9246B9E0,0xB,0xF,0xE,0x9246B9EB,0x9246B9EF,0x9246B9EE,49152,32768,48000,16384,16384,,
1761930568.538864,13:09:28,0x9246B9E0,0xB,0xF,0xE,0x9246B9EB,0x9246B9EF,0x9246B9EE,49152,32768,48000,16384,16384,,
1761930568.589135,13:09:28,0x9246B9E0,0xB,0xF,0xE,0x9246B9EB,0x9246B9EF,0x9246B9EE,49152,32768,48000,16384,16384,,
1761930568.639604,13:09:28,0x9246B9E0,0xB,0xF,0xE,0x9246B9EB,0x9246B9EF,0x9246B9EE,49152,32768,48000,16384,16384,,
1761930568.690123,13:09:28,0x9246B9E0,0xB,0xF,0xE,0x9246B9EB,0x9246B9EF,0x9246B9EE,49152,32768,48000,16384,16384,,
1761930568.740673,13:09:28,0x9246B9E0,0xB,0xF,0xE,0x9246B9EB,0x9246B9EF,0x9246B9EE,49152,32768,48000,16384,16384,,
1761930568.791106,13:09:28,0x9246B9E0,0xB,0xF,0xE,0x9246B9EB,0x9246B9EF,0x9246B9EE,49152,32768,48000,16384,16384,,
1761930568.841264,13:09:28,0x9246B9E0,0xB,0xF,0xE,0x9246B9EB,0x9246B9EF,0x9246B9EE,49152,32768,48000,16384,16384,,
1761930568.891554,13:09:28,0x9246B9E0,0xB,0xF,0xE,0x9246B9EB,0x9246B9EF,0x9246B9EE,49152,32768,48000,16384,16384,,
1761930568.941997,13:09:28,0x9246B9E0,0xB,0xF,0xE,0x9246B9EB,0x9246B9EF,0x9246B9EE,49152,32768,48000,16384,16384,,
1761930568.992241,13:09:28,0x9246B9E0,0xB,0xF,0xE,0x9246B9EB,0x9246B9EF,0x9246B9EE,49152,32768,48000,16384,16384,,
